run_id,policy,arrival_type,rate_multiplier,trace_seed,bucket_occupancy,completed_batches
v2_A0_burst_rho0.9_seed17-20261009T042449-1763cd95,A0,burst,0.9,17,b1_n1,69
v2_A0_burst_rho0.9_seed17-20261009T042449-1763cd95,A0,burst,0.9,17,b2_n2,54
v2_A0_burst_rho0.9_seed17-20261009T042449-1763cd95,A0,burst,0.9,17,b4_n3,48
v2_A0_burst_rho0.9_seed17-20261009T042449-1763cd95,A0,burst,0.9,17,b4_n4,2229
v2_A0_burst_rho0.9_seed2026-20261009T043602-527121fc,A0,burst,0.9,2026,b1_n1,94
v2_A0_burst_rho0.9_seed2026-20261009T043602-527121fc,A0,burst,0.9,2026,b2_n2,39
v2_A0_burst_rho0.9_seed2026-20261009T043602-527121fc,A0,burst,0.9,2026,b4_n3,55
v2_A0_burst_rho0.9_seed2026-20261009T043602-527121fc,A0,burst,0.9,2026,b4_n4,2153
v2_A0_burst_rho0.9_seed42-20261010T114429-dd832f15,A0,burst,0.9,42,b1_n1,66
v2_A0_burst_rho0.9_seed42-20261010T114429-dd832f15,A0,burst,0.9,42,b2_n2,41
v2_A0_burst_rho0.9_seed42-20261010T114429-dd832f15,A0,burst,0.9,42,b4_n3,44
v2_A0_burst_rho0.9_seed42-20261010T114429-dd832f15,A0,burst,0.9,42,b4_n4,2208
v2_A0_burst_rho1.1_seed17-20261009T162411-e4a98ab3,A0,burst,1.1,17,b4_n4,2405
v2_A0_burst_rho1.1_seed2026-20261009T154759-a2fec172,A0,burst,1.1,2026,b4_n4,2419
v2_A0_burst_rho1.1_seed42-20261010T121940-939f3254,A0,burst,1.1,42,b4_n4,2358
v2_A0_poisson_rho0.9_seed17-20261010T133911-5c8de013,A0,poisson,0.9,17,b1_n1,227
v2_A0_poisson_rho0.9_seed17-20261010T133911-5c8de013,A0,poisson,0.9,17,b2_n2,207
v2_A0_poisson_rho0.9_seed17-20261010T133911-5c8de013,A0,poisson,0.9,17,b4_n3,218
v2_A0_poisson_rho0.9_seed17-20261010T133911-5c8de013,A0,poisson,0.9,17,b4_n4,1992
v2_A0_poisson_rho0.9_seed2026-20261009T144459-9ea553a7,A0,poisson,0.9,2026,b1_n1,458
v2_A0_poisson_rho0.9_seed2026-20261009T144459-9ea553a7,A0,poisson,0.9,2026,b2_n2,347
v2_A0_poisson_rho0.9_seed2026-20261009T144459-9ea553a7,A0,poisson,0.9,2026,b4_n3,317
v2_A0_poisson_rho0.9_seed2026-20261009T144459-9ea553a7,A0,poisson,0.9,2026,b4_n4,1708
v2_A0_poisson_rho0.9_seed42-20261009T143231-a340e292,A0,poisson,0.9,42,b1_n1,434
v2_A0_poisson_rho0.9_seed42-20261009T143231-a340e292,A0,poisson,0.9,42,b2_n2,290
v2_A0_poisson_rho0.9_seed42-20261009T143231-a340e292,A0,poisson,0.9,42,b4_n3,281
v2_A0_poisson_rho0.9_seed42-20261009T143231-a340e292,A0,poisson,0.9,42,b4_n4,1816
v2_A0_poisson_rho1.1_seed17-20261009T164703-240ac4a5,A0,poisson,1.1,17,b4_n4,2571
v2_A0_poisson_rho1.1_seed2026-20261009T045353-43a813d6,A0,poisson,1.1,2026,b4_n3,1
v2_A0_poisson_rho1.1_seed2026-20261009T045353-43a813d6,A0,poisson,1.1,2026,b4_n4,2549
v2_A0_poisson_rho1.1_seed42-20261010T120951-18115570,A0,poisson,1.1,42,b4_n4,2479
v2_C0_burst_rho0.3_seed17-20261009T054632-9251569f,C0,burst,0.3,17,b1_n1,70
v2_C0_burst_rho0.3_seed17-20261009T054632-9251569f,C0,burst,0.3,17,b2_n2,16
v2_C0_burst_rho0.3_seed17-20261009T054632-9251569f,C0,burst,0.3,17,b4_n3,13
v2_C0_burst_rho0.3_seed17-20261009T054632-9251569f,C0,burst,0.3,17,b4_n4,14
v2_C0_burst_rho0.3_seed17-20261009T054632-9251569f,C0,burst,0.3,17,b8_n5,15
v2_C0_burst_rho0.3_seed17-20261009T054632-9251569f,C0,burst,0.3,17,b8_n6,19
v2_C0_burst_rho0.3_seed17-20261009T054632-9251569f,C0,burst,0.3,17,b8_n7,24
v2_C0_burst_rho0.3_seed17-20261009T054632-9251569f,C0,burst,0.3,17,b8_n8,321
v2_C0_burst_rho0.3_seed2026-20261009T050226-7524cc80,C0,burst,0.3,2026,b1_n1,84
v2_C0_burst_rho0.3_seed2026-20261009T050226-7524cc80,C0,burst,0.3,2026,b2_n2,23
v2_C0_burst_rho0.3_seed2026-20261009T050226-7524cc80,C0,burst,0.3,2026,b4_n3,42
v2_C0_burst_rho0.3_seed2026-20261009T050226-7524cc80,C0,burst,0.3,2026,b4_n4,50
v2_C0_burst_rho0.3_seed2026-20261009T050226-7524cc80,C0,burst,0.3,2026,b8_n5,45
v2_C0_burst_rho0.3_seed2026-20261009T050226-7524cc80,C0,burst,0.3,2026,b8_n6,49
v2_C0_burst_rho0.3_seed2026-20261009T050226-7524cc80,C0,burst,0.3,2026,b8_n7,38
v2_C0_burst_rho0.3_seed2026-20261009T050226-7524cc80,C0,burst,0.3,2026,b8_n8,222
v2_C0_burst_rho0.3_seed42-20261010T113948-e133da3f,C0,burst,0.3,42,b1_n1,75
v2_C0_burst_rho0.3_seed42-20261010T113948-e133da3f,C0,burst,0.3,42,b2_n2,14
v2_C0_burst_rho0.3_seed42-20261010T113948-e133da3f,C0,burst,0.3,42,b4_n3,27
v2_C0_burst_rho0.3_seed42-20261010T113948-e133da3f,C0,burst,0.3,42,b4_n4,14
v2_C0_burst_rho0.3_seed42-20261010T113948-e133da3f,C0,burst,0.3,42,b8_n5,18
v2_C0_burst_rho0.3_seed42-20261010T113948-e133da3f,C0,burst,0.3,42,b8_n6,19
v2_C0_burst_rho0.3_seed42-20261010T113948-e133da3f,C0,burst,0.3,42,b8_n7,22
v2_C0_burst_rho0.3_seed42-20261010T113948-e133da3f,C0,burst,0.3,42,b8_n8,301
v2_C0_burst_rho0.6_seed17-20261009T161709-b513f348,C0,burst,0.6,17,b1_n1,70
v2_C0_burst_rho0.6_seed17-20261009T161709-b513f348,C0,burst,0.6,17,b2_n2,10
v2_C0_burst_rho0.6_seed17-20261009T161709-b513f348,C0,burst,0.6,17,b4_n3,12
v2_C0_burst_rho0.6_seed17-20261009T161709-b513f348,C0,burst,0.6,17,b4_n4,15
v2_C0_burst_rho0.6_seed17-20261009T161709-b513f348,C0,burst,0.6,17,b8_n5,20
v2_C0_burst_rho0.6_seed17-20261009T161709-b513f348,C0,burst,0.6,17,b8_n6,20
v2_C0_burst_rho0.6_seed17-20261009T161709-b513f348,C0,burst,0.6,17,b8_n7,25
v2_C0_burst_rho0.6_seed17-20261009T161709-b513f348,C0,burst,0.6,17,b8_n8,704
v2_C0_burst_rho0.6_seed2026-20261009T040626-9daa052d,C0,burst,0.6,2026,b1_n1,66
v2_C0_burst_rho0.6_seed2026-20261009T040626-9daa052d,C0,burst,0.6,2026,b2_n2,9
v2_C0_burst_rho0.6_seed2026-20261009T040626-9daa052d,C0,burst,0.6,2026,b4_n3,17
v2_C0_burst_rho0.6_seed2026-20261009T040626-9daa052d,C0,burst,0.6,2026,b4_n4,16
v2_C0_burst_rho0.6_seed2026-20261009T040626-9daa052d,C0,burst,0.6,2026,b8_n5,25
v2_C0_burst_rho0.6_seed2026-20261009T040626-9daa052d,C0,burst,0.6,2026,b8_n6,31
v2_C0_burst_rho0.6_seed2026-20261009T040626-9daa052d,C0,burst,0.6,2026,b8_n7,29
v2_C0_burst_rho0.6_seed2026-20261009T040626-9daa052d,C0,burst,0.6,2026,b8_n8,651
v2_C0_burst_rho0.6_seed42-20261010T130953-e7f2770e,C0,burst,0.6,42,b1_n1,62
v2_C0_burst_rho0.6_seed42-20261010T130953-e7f2770e,C0,burst,0.6,42,b2_n2,15
v2_C0_burst_rho0.6_seed42-20261010T130953-e7f2770e,C0,burst,0.6,42,b4_n3,10
v2_C0_burst_rho0.6_seed42-20261010T130953-e7f2770e,C0,burst,0.6,42,b4_n4,16
v2_C0_burst_rho0.6_seed42-20261010T130953-e7f2770e,C0,burst,0.6,42,b8_n5,12
v2_C0_burst_rho0.6_seed42-20261010T130953-e7f2770e,C0,burst,0.6,42,b8_n6,15
v2_C0_burst_rho0.6_seed42-20261010T130953-e7f2770e,C0,burst,0.6,42,b8_n7,18
v2_C0_burst_rho0.6_seed42-20261010T130953-e7f2770e,C0,burst,0.6,42,b8_n8,712
v2_C0_burst_rho0.9_seed17-20261009T042603-40406802,C0,burst,0.9,17,b1_n1,46
v2_C0_burst_rho0.9_seed17-20261009T042603-40406802,C0,burst,0.9,17,b2_n2,10
v2_C0_burst_rho0.9_seed17-20261009T042603-40406802,C0,burst,0.9,17,b4_n3,3
v2_C0_burst_rho0.9_seed17-20261009T042603-40406802,C0,burst,0.9,17,b4_n4,12
v2_C0_burst_rho0.9_seed17-20261009T042603-40406802,C0,burst,0.9,17,b8_n5,11
v2_C0_burst_rho0.9_seed17-20261009T042603-40406802,C0,burst,0.9,17,b8_n6,18
v2_C0_burst_rho0.9_seed17-20261009T042603-40406802,C0,burst,0.9,17,b8_n7,22
v2_C0_burst_rho0.9_seed17-20261009T042603-40406802,C0,burst,0.9,17,b8_n8,1100
v2_C0_burst_rho0.9_seed2026-20261009T044119-4d597f07,C0,burst,0.9,2026,b1_n1,45
v2_C0_burst_rho0.9_seed2026-20261009T044119-4d597f07,C0,burst,0.9,2026,b2_n2,7
v2_C0_burst_rho0.9_seed2026-20261009T044119-4d597f07,C0,burst,0.9,2026,b4_n3,9
v2_C0_burst_rho0.9_seed2026-20261009T044119-4d597f07,C0,burst,0.9,2026,b4_n4,5
v2_C0_burst_rho0.9_seed2026-20261009T044119-4d597f07,C0,burst,0.9,2026,b8_n5,12
v2_C0_burst_rho0.9_seed2026-20261009T044119-4d597f07,C0,burst,0.9,2026,b8_n6,20
v2_C0_burst_rho0.9_seed2026-20261009T044119-4d597f07,C0,burst,0.9,2026,b8_n7,17
v2_C0_burst_rho0.9_seed2026-20261009T044119-4d597f07,C0,burst,0.9,2026,b8_n8,1068
v2_C0_burst_rho0.9_seed42-20261010T115110-516bb814,C0,burst,0.9,42,b1_n1,47
v2_C0_burst_rho0.9_seed42-20261010T115110-516bb814,C0,burst,0.9,42,b2_n2,3
v2_C0_burst_rho0.9_seed42-20261010T115110-516bb814,C0,burst,0.9,42,b4_n3,9
v2_C0_burst_rho0.9_seed42-20261010T115110-516bb814,C0,burst,0.9,42,b4_n4,3
v2_C0_burst_rho0.9_seed42-20261010T115110-516bb814,C0,burst,0.9,42,b8_n5,10
v2_C0_burst_rho0.9_seed42-20261010T115110-516bb814,C0,burst,0.9,42,b8_n6,10
v2_C0_burst_rho0.9_seed42-20261010T115110-516bb814,C0,burst,0.9,42,b8_n7,18
v2_C0_burst_rho0.9_seed42-20261010T115110-516bb814,C0,burst,0.9,42,b8_n8,1098
v2_C0_burst_rho1.1_seed17-20261009T163141-1cbdf145,C0,burst,1.1,17,b8_n8,1371
v2_C0_burst_rho1.1_seed2026-20261009T153817-fed8a701,C0,burst,1.1,2026,b4_n4,1
v2_C0_burst_rho1.1_seed2026-20261009T153817-fed8a701,C0,burst,1.1,2026,b8_n8,1340
v2_C0_burst_rho1.1_seed42-20261010T123104-f36d9d84,C0,burst,1.1,42,b8_n8,1330
v2_C0_periodic_rho0.3_seed17-20261009T152411-45041507,C0,periodic,0.3,17,b1_n1,2802
v2_C0_periodic_rho0.3_seed17-20261009T152411-45041507,C0,periodic,0.3,17,b2_n2,101
v2_C0_periodic_rho0.3_seed17-20261009T152411-45041507,C0,periodic,0.3,17,b4_n3,4
v2_C0_periodic_rho0.3_seed2026-20261010T132248-57dc8ec2,C0,periodic,0.3,2026,b1_n1,2894
v2_C0_periodic_rho0.3_seed2026-20261010T132248-57dc8ec2,C0,periodic,0.3,2026,b2_n2,58
v2_C0_periodic_rho0.3_seed2026-20261010T132248-57dc8ec2,C0,periodic,0.3,2026,b4_n3,2
v2_C0_periodic_rho0.3_seed42-20261009T054406-baaaa908,C0,periodic,0.3,42,b1_n1,2734
v2_C0_periodic_rho0.3_seed42-20261009T054406-baaaa908,C0,periodic,0.3,42,b2_n2,126
v2_C0_periodic_rho0.3_seed42-20261009T054406-baaaa908,C0,periodic,0.3,42,b4_n3,10
v2_C0_periodic_rho0.6_seed17-20261009T155915-0d36e0df,C0,periodic,0.6,17,b1_n1,101
v2_C0_periodic_rho0.6_seed17-20261009T155915-0d36e0df,C0,periodic,0.6,17,b2_n2,461
v2_C0_periodic_rho0.6_seed17-20261009T155915-0d36e0df,C0,periodic,0.6,17,b4_n3,1148
v2_C0_periodic_rho0.6_seed17-20261009T155915-0d36e0df,C0,periodic,0.6,17,b4_n4,334
v2_C0_periodic_rho0.6_seed17-20261009T155915-0d36e0df,C0,periodic,0.6,17,b8_n5,42
v2_C0_periodic_rho0.6_seed17-20261009T155915-0d36e0df,C0,periodic,0.6,17,b8_n6,2
v2_C0_periodic_rho0.6_seed17-20261009T155915-0d36e0df,C0,periodic,0.6,17,b8_n7,1
v2_C0_periodic_rho0.6_seed2026-20261009T051723-2d4c2c75,C0,periodic,0.6,2026,b1_n1,555
v2_C0_periodic_rho0.6_seed2026-20261009T051723-2d4c2c75,C0,periodic,0.6,2026,b2_n2,856
v2_C0_periodic_rho0.6_seed2026-20261009T051723-2d4c2c75,C0,periodic,0.6,2026,b4_n3,931
v2_C0_periodic_rho0.6_seed2026-20261009T051723-2d4c2c75,C0,periodic,0.6,2026,b4_n4,230
v2_C0_periodic_rho0.6_seed2026-20261009T051723-2d4c2c75,C0,periodic,0.6,2026,b8_n5,11
v2_C0_periodic_rho0.6_seed42-20261009T141818-7c8feb49,C0,periodic,0.6,42,b1_n1,110
v2_C0_periodic_rho0.6_seed42-20261009T141818-7c8feb49,C0,periodic,0.6,42,b2_n2,555
v2_C0_periodic_rho0.6_seed42-20261009T141818-7c8feb49,C0,periodic,0.6,42,b4_n3,1255
v2_C0_periodic_rho0.6_seed42-20261009T141818-7c8feb49,C0,periodic,0.6,42,b4_n4,250
v2_C0_periodic_rho0.6_seed42-20261009T141818-7c8feb49,C0,periodic,0.6,42,b8_n5,10
v2_C0_periodic_rho0.9_seed17-20261010T120303-677d945c,C0,periodic,0.9,17,b1_n1,1
v2_C0_periodic_rho0.9_seed17-20261010T120303-677d945c,C0,periodic,0.9,17,b2_n2,6
v2_C0_periodic_rho0.9_seed17-20261010T120303-677d945c,C0,periodic,0.9,17,b4_n3,34
v2_C0_periodic_rho0.9_seed17-20261010T120303-677d945c,C0,periodic,0.9,17,b4_n4,170
v2_C0_periodic_rho0.9_seed17-20261010T120303-677d945c,C0,periodic,0.9,17,b8_n5,218
v2_C0_periodic_rho0.9_seed17-20261010T120303-677d945c,C0,periodic,0.9,17,b8_n6,124
v2_C0_periodic_rho0.9_seed17-20261010T120303-677d945c,C0,periodic,0.9,17,b8_n7,78
v2_C0_periodic_rho0.9_seed17-20261010T120303-677d945c,C0,periodic,0.9,17,b8_n8,735
v2_C0_periodic_rho0.9_seed2026-20261010T123537-16f45249,C0,periodic,0.9,2026,b4_n3,3
v2_C0_periodic_rho0.9_seed2026-20261010T123537-16f45249,C0,periodic,0.9,2026,b4_n4,11
v2_C0_periodic_rho0.9_seed2026-20261010T123537-16f45249,C0,periodic,0.9,2026,b8_n5,21
v2_C0_periodic_rho0.9_seed2026-20261010T123537-16f45249,C0,periodic,0.9,2026,b8_n6,38
v2_C0_periodic_rho0.9_seed2026-20261010T123537-16f45249,C0,periodic,0.9,2026,b8_n7,46
v2_C0_periodic_rho0.9_seed2026-20261010T123537-16f45249,C0,periodic,0.9,2026,b8_n8,1028
v2_C0_periodic_rho0.9_seed42-20261009T141347-8c931033,C0,periodic,0.9,42,b2_n2,4
v2_C0_periodic_rho0.9_seed42-20261009T141347-8c931033,C0,periodic,0.9,42,b4_n3,31
v2_C0_periodic_rho0.9_seed42-20261009T141347-8c931033,C0,periodic,0.9,42,b4_n4,116
v2_C0_periodic_rho0.9_seed42-20261009T141347-8c931033,C0,periodic,0.9,42,b8_n5,240
v2_C0_periodic_rho0.9_seed42-20261009T141347-8c931033,C0,periodic,0.9,42,b8_n6,208
v2_C0_periodic_rho0.9_seed42-20261009T141347-8c931033,C0,periodic,0.9,42,b8_n7,97
v2_C0_periodic_rho0.9_seed42-20261009T141347-8c931033,C0,periodic,0.9,42,b8_n8,670
v2_C0_periodic_rho1.1_seed17-20261010T124758-c0183e16,C0,periodic,1.1,17,b8_n8,1137
v2_C0_periodic_rho1.1_seed2026-20261009T145411-4b322084,C0,periodic,1.1,2026,b1_n1,2
v2_C0_periodic_rho1.1_seed2026-20261009T145411-4b322084,C0,periodic,1.1,2026,b2_n2,4
v2_C0_periodic_rho1.1_seed2026-20261009T145411-4b322084,C0,periodic,1.1,2026,b4_n3,12
v2_C0_periodic_rho1.1_seed2026-20261009T145411-4b322084,C0,periodic,1.1,2026,b4_n4,39
v2_C0_periodic_rho1.1_seed2026-20261009T145411-4b322084,C0,periodic,1.1,2026,b8_n5,85
v2_C0_periodic_rho1.1_seed2026-20261009T145411-4b322084,C0,periodic,1.1,2026,b8_n6,139
v2_C0_periodic_rho1.1_seed2026-20261009T145411-4b322084,C0,periodic,1.1,2026,b8_n7,132
v2_C0_periodic_rho1.1_seed2026-20261009T145411-4b322084,C0,periodic,1.1,2026,b8_n8,1062
v2_C0_periodic_rho1.1_seed42-20261009T041859-b7a600cd,C0,periodic,1.1,42,b8_n6,1
v2_C0_periodic_rho1.1_seed42-20261009T041859-b7a600cd,C0,periodic,1.1,42,b8_n8,1203
v2_C0_poisson_rho0.3_seed17-20261009T151301-1d3fe222,C0,poisson,0.3,17,b1_n1,2000
v2_C0_poisson_rho0.3_seed17-20261009T151301-1d3fe222,C0,poisson,0.3,17,b2_n2,317
v2_C0_poisson_rho0.3_seed17-20261009T151301-1d3fe222,C0,poisson,0.3,17,b4_n3,116
v2_C0_poisson_rho0.3_seed17-20261009T151301-1d3fe222,C0,poisson,0.3,17,b4_n4,25
v2_C0_poisson_rho0.3_seed17-20261009T151301-1d3fe222,C0,poisson,0.3,17,b8_n5,7
v2_C0_poisson_rho0.3_seed17-20261009T151301-1d3fe222,C0,poisson,0.3,17,b8_n6,1
v2_C0_poisson_rho0.3_seed2026-20261009T153522-6fbe2a32,C0,poisson,0.3,2026,b1_n1,1734
v2_C0_poisson_rho0.3_seed2026-20261009T153522-6fbe2a32,C0,poisson,0.3,2026,b2_n2,344
v2_C0_poisson_rho0.3_seed2026-20261009T153522-6fbe2a32,C0,poisson,0.3,2026,b4_n3,113
v2_C0_poisson_rho0.3_seed2026-20261009T153522-6fbe2a32,C0,poisson,0.3,2026,b4_n4,40
v2_C0_poisson_rho0.3_seed2026-20261009T153522-6fbe2a32,C0,poisson,0.3,2026,b8_n5,16
v2_C0_poisson_rho0.3_seed2026-20261009T153522-6fbe2a32,C0,poisson,0.3,2026,b8_n6,2
v2_C0_poisson_rho0.3_seed42-20261009T160501-0d7572a3,C0,poisson,0.3,42,b1_n1,1690
v2_C0_poisson_rho0.3_seed42-20261009T160501-0d7572a3,C0,poisson,0.3,42,b2_n2,323
v2_C0_poisson_rho0.3_seed42-20261009T160501-0d7572a3,C0,poisson,0.3,42,b4_n3,127
v2_C0_poisson_rho0.3_seed42-20261009T160501-0d7572a3,C0,poisson,0.3,42,b4_n4,43
v2_C0_poisson_rho0.3_seed42-20261009T160501-0d7572a3,C0,poisson,0.3,42,b8_n5,11
v2_C0_poisson_rho0.3_seed42-20261009T160501-0d7572a3,C0,poisson,0.3,42,b8_n6,3
v2_C0_poisson_rho0.3_seed42-20261009T160501-0d7572a3,C0,poisson,0.3,42,b8_n7,4
v2_C0_poisson_rho0.6_seed17-20261010T125522-b1fdd49d,C0,poisson,0.6,17,b1_n1,970
v2_C0_poisson_rho0.6_seed17-20261010T125522-b1fdd49d,C0,poisson,0.6,17,b2_n2,601
v2_C0_poisson_rho0.6_seed17-20261010T125522-b1fdd49d,C0,poisson,0.6,17,b4_n3,484
v2_C0_poisson_rho0.6_seed17-20261010T125522-b1fdd49d,C0,poisson,0.6,17,b4_n4,294
v2_C0_poisson_rho0.6_seed17-20261010T125522-b1fdd49d,C0,poisson,0.6,17,b8_n5,145
v2_C0_poisson_rho0.6_seed17-20261010T125522-b1fdd49d,C0,poisson,0.6,17,b8_n6,80
v2_C0_poisson_rho0.6_seed17-20261010T125522-b1fdd49d,C0,poisson,0.6,17,b8_n7,24
v2_C0_poisson_rho0.6_seed17-20261010T125522-b1fdd49d,C0,poisson,0.6,17,b8_n8,6
v2_C0_poisson_rho0.6_seed2026-20261009T060710-0867146a,C0,poisson,0.6,2026,b1_n1,1339
v2_C0_poisson_rho0.6_seed2026-20261009T060710-0867146a,C0,poisson,0.6,2026,b2_n2,641
v2_C0_poisson_rho0.6_seed2026-20261009T060710-0867146a,C0,poisson,0.6,2026,b4_n3,400
v2_C0_poisson_rho0.6_seed2026-20261009T060710-0867146a,C0,poisson,0.6,2026,b4_n4,235
v2_C0_poisson_rho0.6_seed2026-20261009T060710-0867146a,C0,poisson,0.6,2026,b8_n5,113
v2_C0_poisson_rho0.6_seed2026-20261009T060710-0867146a,C0,poisson,0.6,2026,b8_n6,60
v2_C0_poisson_rho0.6_seed2026-20261009T060710-0867146a,C0,poisson,0.6,2026,b8_n7,15
v2_C0_poisson_rho0.6_seed2026-20261009T060710-0867146a,C0,poisson,0.6,2026,b8_n8,16
v2_C0_poisson_rho0.6_seed42-20261009T052315-b4f98ea5,C0,poisson,0.6,42,b1_n1,1281
v2_C0_poisson_rho0.6_seed42-20261009T052315-b4f98ea5,C0,poisson,0.6,42,b2_n2,602
v2_C0_poisson_rho0.6_seed42-20261009T052315-b4f98ea5,C0,poisson,0.6,42,b4_n3,434
v2_C0_poisson_rho0.6_seed42-20261009T052315-b4f98ea5,C0,poisson,0.6,42,b4_n4,248
v2_C0_poisson_rho0.6_seed42-20261009T052315-b4f98ea5,C0,poisson,0.6,42,b8_n5,143
v2_C0_poisson_rho0.6_seed42-20261009T052315-b4f98ea5,C0,poisson,0.6,42,b8_n6,63
v2_C0_poisson_rho0.6_seed42-20261009T052315-b4f98ea5,C0,poisson,0.6,42,b8_n7,17
v2_C0_poisson_rho0.6_seed42-20261009T052315-b4f98ea5,C0,poisson,0.6,42,b8_n8,20
v2_C0_poisson_rho0.9_seed17-20261010T133151-27ba08de,C0,poisson,0.9,17,b1_n1,23
v2_C0_poisson_rho0.9_seed17-20261010T133151-27ba08de,C0,poisson,0.9,17,b2_n2,22
v2_C0_poisson_rho0.9_seed17-20261010T133151-27ba08de,C0,poisson,0.9,17,b4_n3,28
v2_C0_poisson_rho0.9_seed17-20261010T133151-27ba08de,C0,poisson,0.9,17,b4_n4,30
v2_C0_poisson_rho0.9_seed17-20261010T133151-27ba08de,C0,poisson,0.9,17,b8_n5,29
v2_C0_poisson_rho0.9_seed17-20261010T133151-27ba08de,C0,poisson,0.9,17,b8_n6,42
v2_C0_poisson_rho0.9_seed17-20261010T133151-27ba08de,C0,poisson,0.9,17,b8_n7,22
v2_C0_poisson_rho0.9_seed17-20261010T133151-27ba08de,C0,poisson,0.9,17,b8_n8,1049
v2_C0_poisson_rho0.9_seed2026-20261009T144614-34f4d83e,C0,poisson,0.9,2026,b1_n1,123
v2_C0_poisson_rho0.9_seed2026-20261009T144614-34f4d83e,C0,poisson,0.9,2026,b2_n2,170
v2_C0_poisson_rho0.9_seed2026-20261009T144614-34f4d83e,C0,poisson,0.9,2026,b4_n3,216
v2_C0_poisson_rho0.9_seed2026-20261009T144614-34f4d83e,C0,poisson,0.9,2026,b4_n4,236
v2_C0_poisson_rho0.9_seed2026-20261009T144614-34f4d83e,C0,poisson,0.9,2026,b8_n5,259
v2_C0_poisson_rho0.9_seed2026-20261009T144614-34f4d83e,C0,poisson,0.9,2026,b8_n6,160
v2_C0_poisson_rho0.9_seed2026-20261009T144614-34f4d83e,C0,poisson,0.9,2026,b8_n7,130
v2_C0_poisson_rho0.9_seed2026-20261009T144614-34f4d83e,C0,poisson,0.9,2026,b8_n8,464
v2_C0_poisson_rho0.9_seed42-20261009T142759-23170a11,C0,poisson,0.9,42,b1_n1,70
v2_C0_poisson_rho0.9_seed42-20261009T142759-23170a11,C0,poisson,0.9,42,b2_n2,93
v2_C0_poisson_rho0.9_seed42-20261009T142759-23170a11,C0,poisson,0.9,42,b4_n3,129
v2_C0_poisson_rho0.9_seed42-20261009T142759-23170a11,C0,poisson,0.9,42,b4_n4,142
v2_C0_poisson_rho0.9_seed42-20261009T142759-23170a11,C0,poisson,0.9,42,b8_n5,138
v2_C0_poisson_rho0.9_seed42-20261009T142759-23170a11,C0,poisson,0.9,42,b8_n6,103
v2_C0_poisson_rho0.9_seed42-20261009T142759-23170a11,C0,poisson,0.9,42,b8_n7,86
v2_C0_poisson_rho0.9_seed42-20261009T142759-23170a11,C0,poisson,0.9,42,b8_n8,750
v2_C0_poisson_rho1.1_seed17-20261009T163835-cbd9c72e,C0,poisson,1.1,17,b8_n7,1
v2_C0_poisson_rho1.1_seed17-20261009T163835-cbd9c72e,C0,poisson,1.1,17,b8_n8,1275
v2_C0_poisson_rho1.1_seed2026-20261009T044832-812e1698,C0,poisson,1.1,2026,b1_n1,3
v2_C0_poisson_rho1.1_seed2026-20261009T044832-812e1698,C0,poisson,1.1,2026,b2_n2,6
v2_C0_poisson_rho1.1_seed2026-20261009T044832-812e1698,C0,poisson,1.1,2026,b4_n3,18
v2_C0_poisson_rho1.1_seed2026-20261009T044832-812e1698,C0,poisson,1.1,2026,b4_n4,18
v2_C0_poisson_rho1.1_seed2026-20261009T044832-812e1698,C0,poisson,1.1,2026,b8_n5,26
v2_C0_poisson_rho1.1_seed2026-20261009T044832-812e1698,C0,poisson,1.1,2026,b8_n6,27
v2_C0_poisson_rho1.1_seed2026-20261009T044832-812e1698,C0,poisson,1.1,2026,b8_n7,14
v2_C0_poisson_rho1.1_seed2026-20261009T044832-812e1698,C0,poisson,1.1,2026,b8_n8,1272
v2_C0_poisson_rho1.1_seed42-20261010T121109-d97d03a2,C0,poisson,1.1,42,b8_n5,1
v2_C0_poisson_rho1.1_seed42-20261010T121109-d97d03a2,C0,poisson,1.1,42,b8_n8,1289
v2_D0_burst_rho0.3_seed17-20261009T054745-7eccf955,D0,burst,0.3,17,b1_n1,2940
v2_D0_burst_rho0.3_seed17-20261009T054745-7eccf955,D0,burst,0.3,17,b2_n2,57
v2_D0_burst_rho0.3_seed17-20261009T054745-7eccf955,D0,burst,0.3,17,b4_n4,17
v2_D0_burst_rho0.3_seed2026-20261009T051057-485778d3,D0,burst,0.3,2026,b1_n1,2827
v2_D0_burst_rho0.3_seed2026-20261009T051057-485778d3,D0,burst,0.3,2026,b2_n2,59
v2_D0_burst_rho0.3_seed2026-20261009T051057-485778d3,D0,burst,0.3,2026,b4_n4,18
v2_D0_burst_rho0.3_seed42-20261009T164821-239ae293,D0,burst,0.3,42,b1_n1,2776
v2_D0_burst_rho0.3_seed42-20261009T164821-239ae293,D0,burst,0.3,42,b2_n2,79
v2_D0_burst_rho0.3_seed42-20261009T164821-239ae293,D0,burst,0.3,42,b4_n4,16
v2_D0_burst_rho0.3_seed42-20261009T164821-239ae293,D0,burst,0.3,42,b8_n8,1
v2_D0_burst_rho0.6_seed17-20261009T162007-e140d185,D0,burst,0.6,17,b1_n1,6213
v2_D0_burst_rho0.6_seed2026-20261009T040911-4b997e55,D0,burst,0.6,2026,b1_n1,5803
v2_D0_burst_rho0.6_seed2026-20261009T040911-4b997e55,D0,burst,0.6,2026,b2_n2,27
v2_D0_burst_rho0.6_seed2026-20261009T040911-4b997e55,D0,burst,0.6,2026,b4_n4,16
v2_D0_burst_rho0.6_seed42-20261010T131337-6bf4eafa,D0,burst,0.6,42,b1_n1,6134
v2_D0_burst_rho0.6_seed42-20261010T131337-6bf4eafa,D0,burst,0.6,42,b2_n2,8
v2_D0_burst_rho0.6_seed42-20261010T131337-6bf4eafa,D0,burst,0.6,42,b4_n4,2
v2_D0_burst_rho0.9_seed17-20261009T042332-89aea766,D0,burst,0.9,17,b1_n1,5883
v2_D0_burst_rho0.9_seed2026-20261009T044001-f3db8942,D0,burst,0.9,2026,b1_n1,5720
v2_D0_burst_rho0.9_seed42-20261010T114819-1e36fb9c,D0,burst,0.9,42,b1_n1,5896
v2_D0_burst_rho1.1_seed17-20261009T162843-0b39093a,D0,burst,1.1,17,b1_n1,5944
v2_D0_burst_rho1.1_seed2026-20261009T154222-1b65d991,D0,burst,1.1,2026,b1_n1,5904
v2_D0_burst_rho1.1_seed42-20261010T122215-fb4888b8,D0,burst,1.1,42,b1_n1,5872
v2_D0_periodic_rho0.3_seed17-20261009T151415-f4dc68f7,D0,periodic,0.3,17,b1_n1,3002
v2_D0_periodic_rho0.3_seed17-20261009T151415-f4dc68f7,D0,periodic,0.3,17,b2_n2,7
v2_D0_periodic_rho0.3_seed2026-20261010T131750-0700ae2f,D0,periodic,0.3,2026,b1_n1,2982
v2_D0_periodic_rho0.3_seed2026-20261010T131750-0700ae2f,D0,periodic,0.3,2026,b2_n2,17
v2_D0_periodic_rho0.3_seed42-20261009T053720-d37d0737,D0,periodic,0.3,42,b1_n1,2992
v2_D0_periodic_rho0.3_seed42-20261009T053720-d37d0737,D0,periodic,0.3,42,b2_n2,12
v2_D0_periodic_rho0.6_seed17-20261009T155801-a36917a1,D0,periodic,0.6,17,b1_n1,5424
v2_D0_periodic_rho0.6_seed17-20261009T155801-a36917a1,D0,periodic,0.6,17,b2_n2,304
v2_D0_periodic_rho0.6_seed2026-20261009T051210-60930fcd,D0,periodic,0.6,2026,b1_n1,5336
v2_D0_periodic_rho0.6_seed2026-20261009T051210-60930fcd,D0,periodic,0.6,2026,b2_n2,348
v2_D0_periodic_rho0.6_seed42-20261009T142345-b9f51d01,D0,periodic,0.6,42,b1_n1,5480
v2_D0_periodic_rho0.6_seed42-20261009T142345-b9f51d01,D0,periodic,0.6,42,b2_n2,276
v2_D0_periodic_rho0.9_seed17-20261010T120010-302c08dc,D0,periodic,0.9,17,b1_n1,6744
v2_D0_periodic_rho0.9_seed2026-20261010T123838-e706ddd1,D0,periodic,0.9,2026,b1_n1,6624
v2_D0_periodic_rho0.9_seed42-20261009T140510-78a91eef,D0,periodic,0.9,42,b1_n1,6878
v2_D0_periodic_rho1.1_seed17-20261010T125403-578c4cfe,D0,periodic,1.1,17,b1_n1,6708
v2_D0_periodic_rho1.1_seed2026-20261009T145710-fe783759,D0,periodic,1.1,2026,b1_n1,6777
v2_D0_periodic_rho1.1_seed42-20261009T041741-b372f057,D0,periodic,1.1,42,b1_n1,6770
v2_D0_poisson_rho0.3_seed17-20261009T150305-300f38d7,D0,poisson,0.3,17,b1_n1,2857
v2_D0_poisson_rho0.3_seed17-20261009T150305-300f38d7,D0,poisson,0.3,17,b2_n2,133
v2_D0_poisson_rho0.3_seed2026-20261009T152526-899657cb,D0,poisson,0.3,2026,b1_n1,2715
v2_D0_poisson_rho0.3_seed2026-20261009T152526-899657cb,D0,poisson,0.3,2026,b2_n2,145
v2_D0_poisson_rho0.3_seed2026-20261009T152526-899657cb,D0,poisson,0.3,2026,b4_n4,2
v2_D0_poisson_rho0.3_seed42-20261009T160913-c618f4c0,D0,poisson,0.3,42,b1_n1,2644
v2_D0_poisson_rho0.3_seed42-20261009T160913-c618f4c0,D0,poisson,0.3,42,b2_n2,167
v2_D0_poisson_rho0.3_seed42-20261009T160913-c618f4c0,D0,poisson,0.3,42,b4_n4,3
v2_D0_poisson_rho0.6_seed17-20261010T130108-f7523575,D0,poisson,0.6,17,b1_n1,4852
v2_D0_poisson_rho0.6_seed17-20261010T130108-f7523575,D0,poisson,0.6,17,b2_n2,434
v2_D0_poisson_rho0.6_seed17-20261010T130108-f7523575,D0,poisson,0.6,17,b4_n4,121
v2_D0_poisson_rho0.6_seed17-20261010T130108-f7523575,D0,poisson,0.6,17,b8_n8,2
v2_D0_poisson_rho0.6_seed2026-20261009T055917-eafec980,D0,poisson,0.6,2026,b1_n1,4427
v2_D0_poisson_rho0.6_seed2026-20261009T055917-eafec980,D0,poisson,0.6,2026,b2_n2,564
v2_D0_poisson_rho0.6_seed2026-20261009T055917-eafec980,D0,poisson,0.6,2026,b4_n4,91
v2_D0_poisson_rho0.6_seed42-20261009T052657-548dad46,D0,poisson,0.6,42,b1_n1,4444
v2_D0_poisson_rho0.6_seed42-20261009T052657-548dad46,D0,poisson,0.6,42,b2_n2,601
v2_D0_poisson_rho0.6_seed42-20261009T052657-548dad46,D0,poisson,0.6,42,b4_n4,126
v2_D0_poisson_rho0.9_seed17-20261010T134025-1b3c036e,D0,poisson,0.9,17,b1_n1,6526
v2_D0_poisson_rho0.9_seed2026-20261009T144156-0ec077a7,D0,poisson,0.9,2026,b1_n1,6686
v2_D0_poisson_rho0.9_seed42-20261009T143346-420636e6,D0,poisson,0.9,42,b1_n1,6637
v2_D0_poisson_rho1.1_seed17-20261009T163716-735034e2,D0,poisson,1.1,17,b1_n1,6604
v2_D0_poisson_rho1.1_seed2026-20261009T045955-1682cd2c,D0,poisson,1.1,2026,b1_n1,6699
v2_D0_poisson_rho1.1_seed42-20261010T121821-d6181406,D0,poisson,1.1,42,b1_n1,6476
v2_E0_burst_rho0.3_seed17-20261009T054858-9b8b6617,E0,burst,0.3,17,b1_n1,1187
v2_E0_burst_rho0.3_seed2026-20261009T050804-b11788e7,E0,burst,0.3,2026,b1_n1,1225
v2_E0_burst_rho0.3_seed42-20261010T114102-ba413cf9,E0,burst,0.3,42,b1_n1,1181
v2_E0_burst_rho0.6_seed17-20261009T161823-ecab2311,E0,burst,0.6,17,b1_n1,1060
v2_E0_burst_rho0.6_seed2026-20261009T041025-fb8d33eb,E0,burst,0.6,2026,b1_n1,1072
v2_E0_burst_rho0.6_seed42-20261010T130809-be7e67dc,E0,burst,0.6,42,b1_n1,1033
v2_E0_burst_rho0.9_seed17-20261009T042717-4762dee1,E0,burst,0.9,17,b1_n1,1011
v2_E0_burst_rho0.9_seed2026-20261009T044348-9826f49c,E0,burst,0.9,2026,b1_n1,1005
v2_E0_burst_rho0.9_seed42-20261010T114246-72b3c3cd,E0,burst,0.9,42,b1_n1,990
v2_E0_burst_rho1.1_seed17-20261009T163001-50806b3c,E0,burst,1.1,17,b1_n1,1222
v2_E0_burst_rho1.1_seed2026-20261009T154615-8a0f7b1d,E0,burst,1.1,2026,b1_n1,1268
v2_E0_burst_rho1.1_seed42-20261010T122919-0308e53f,E0,burst,1.1,42,b1_n1,1000
v2_E0_periodic_rho0.3_seed17-20261009T152115-8f6951f5,E0,periodic,0.3,17,b1_n1,1269
v2_E0_periodic_rho0.3_seed2026-20261010T132402-b69f00d9,E0,periodic,0.3,2026,b1_n1,1189
v2_E0_periodic_rho0.3_seed42-20261009T053423-e5ac95fa,E0,periodic,0.3,42,b1_n1,1223
v2_E0_periodic_rho0.6_seed17-20261009T155030-961b57f3,E0,periodic,0.6,17,b1_n1,998
v2_E0_periodic_rho0.6_seed2026-20261009T052019-333d6b5e,E0,periodic,0.6,2026,b1_n1,1088
v2_E0_periodic_rho0.6_seed42-20261009T141634-773d9c56,E0,periodic,0.6,42,b1_n1,1044
v2_E0_periodic_rho0.9_seed17-20261010T115523-5ca27623,E0,periodic,0.9,17,b1_n1,992
v2_E0_periodic_rho0.9_seed2026-20261010T123654-5a3e846d,E0,periodic,0.9,2026,b1_n1,999
v2_E0_periodic_rho0.9_seed42-20261009T141204-93c14b46,E0,periodic,0.9,42,b1_n1,1036
v2_E0_periodic_rho1.1_seed17-20261010T125034-9d9e1427,E0,periodic,1.1,17,b1_n1,957
v2_E0_periodic_rho1.1_seed2026-20261009T150121-ad8dcc34,E0,periodic,1.1,2026,b1_n1,1023
v2_E0_periodic_rho1.1_seed42-20261009T041557-76d7e68a,E0,periodic,1.1,42,b1_n1,1011
v2_E0_poisson_rho0.3_seed17-20261009T151118-0ec2cc3d,E0,poisson,0.3,17,b1_n1,1225
v2_E0_poisson_rho0.3_seed2026-20261009T152823-cec790f0,E0,poisson,0.3,2026,b1_n1,1272
v2_E0_poisson_rho0.3_seed42-20261009T160030-78da0359,E0,poisson,0.3,42,b1_n1,1191
v2_E0_poisson_rho0.6_seed17-20261010T125751-5c410e2f,E0,poisson,0.6,17,b1_n1,1038
v2_E0_poisson_rho0.6_seed2026-20261009T140153-a11c9238,E0,poisson,0.6,2026,b1_n1,1043
v2_E0_poisson_rho0.6_seed42-20261009T053108-24abd613,E0,poisson,0.6,42,b1_n1,1061
v2_E0_poisson_rho0.9_seed17-20261010T133726-13b491c3,E0,poisson,0.9,17,b1_n1,995
v2_E0_poisson_rho0.9_seed2026-20261009T144012-d2060d33,E0,poisson,0.9,2026,b1_n1,1014
v2_E0_poisson_rho0.9_seed42-20261009T143046-9b65978b,E0,poisson,0.9,42,b1_n1,1007
v2_E0_poisson_rho1.1_seed17-20261009T163532-a5b4b2a2,E0,poisson,1.1,17,b1_n1,1011
v2_E0_poisson_rho1.1_seed2026-20261009T045628-976e0c59,E0,poisson,1.1,2026,b1_n1,994
v2_E0_poisson_rho1.1_seed42-20261010T120807-64a0ddc5,E0,poisson,1.1,42,b1_n1,962
v2_E1_burst_rho0.3_seed17-20261009T055438-e5d386cb,E1,burst,0.3,17,b1_n1,1253
v2_E1_burst_rho0.3_seed2026-20261009T050339-c276a560,E1,burst,0.3,2026,b1_n1,1266
v2_E1_burst_rho0.3_seed42-20261010T113806-9c70cfec,E1,burst,0.3,42,b1_n1,1219
v2_E1_burst_rho0.6_seed17-20261009T161141-c23fb259,E1,burst,0.6,17,b1_n1,1030
v2_E1_burst_rho0.6_seed2026-20261009T040217-9f264519,E1,burst,0.6,2026,b1_n1,1038
v2_E1_burst_rho0.6_seed42-20261010T131607-d552bdd0,E1,burst,0.6,42,b1_n1,1014
v2_E1_burst_rho0.9_seed17-20261009T042900-29f2f991,E1,burst,0.9,17,b1_n1,1184
v2_E1_burst_rho0.9_seed2026-20261009T044532-4b75d9a7,E1,burst,0.9,2026,b1_n1,1029
v2_E1_burst_rho0.9_seed42-20261010T115224-f7516929,E1,burst,0.9,42,b1_n1,1008
v2_E1_burst_rho1.1_seed17-20261009T162700-113fe886,E1,burst,1.1,17,b1_n1,1046
v2_E1_burst_rho1.1_seed2026-20261009T153637-67b544cf,E1,burst,1.1,2026,b1_n1,1136
v2_E1_burst_rho1.1_seed42-20261010T122739-016547ad,E1,burst,1.1,42,b1_n1,1360
v2_E1_periodic_rho0.3_seed17-20261009T151931-c1292d77,E1,periodic,0.3,17,b1_n1,1242
v2_E1_periodic_rho0.3_seed2026-20261010T132719-c799ee22,E1,periodic,0.3,2026,b1_n1,1226
v2_E1_periodic_rho0.3_seed42-20261009T053834-505e8e60,E1,periodic,0.3,42,b1_n1,1728
v2_E1_periodic_rho0.6_seed17-20261009T155502-31c87349,E1,periodic,0.6,17,b1_n1,1019
v2_E1_periodic_rho0.6_seed2026-20261009T051837-39ac3b41,E1,periodic,0.6,2026,b1_n1,1089
v2_E1_periodic_rho0.6_seed42-20261009T142201-553b8565,E1,periodic,0.6,42,b1_n1,1043
v2_E1_periodic_rho0.9_seed17-20261010T115826-9bb833c3,E1,periodic,0.9,17,b1_n1,992
v2_E1_periodic_rho0.9_seed2026-20261010T123220-819ab8fc,E1,periodic,0.9,2026,b1_n1,1244
v2_E1_periodic_rho0.9_seed42-20261009T140746-3d965f6b,E1,periodic,0.9,42,b1_n1,1025
v2_E1_periodic_rho1.1_seed17-20261010T125218-58fb4659,E1,periodic,1.1,17,b1_n1,977
v2_E1_periodic_rho1.1_seed2026-20261009T145526-44ec3b10,E1,periodic,1.1,2026,b1_n1,1029
v2_E1_periodic_rho1.1_seed42-20261009T042148-7576f646,E1,periodic,1.1,42,b1_n1,1027
v2_E1_poisson_rho0.3_seed17-20261009T150934-7a47341b,E1,poisson,0.3,17,b1_n1,1267
v2_E1_poisson_rho0.3_seed2026-20261009T152640-486d0254,E1,poisson,0.3,2026,b1_n1,1302
v2_E1_poisson_rho0.3_seed42-20261009T160730-1d4d2e37,E1,poisson,0.3,42,b1_n1,1212
v2_E1_poisson_rho0.6_seed17-20261010T130452-ef4ca8ad,E1,poisson,0.6,17,b1_n1,1011
v2_E1_poisson_rho0.6_seed2026-20261009T055620-7d6496eb,E1,poisson,0.6,2026,b1_n1,1027
v2_E1_poisson_rho0.6_seed42-20261009T052925-ecd39e0e,E1,poisson,0.6,42,b1_n1,1031
v2_E1_poisson_rho0.9_seed17-20261010T133306-f811414d,E1,poisson,0.9,17,b1_n1,1016
v2_E1_poisson_rho0.9_seed2026-20261009T144315-417d01c4,E1,poisson,0.9,2026,b1_n1,1028
v2_E1_poisson_rho0.9_seed42-20261009T142614-56fe4ff9,E1,poisson,0.9,42,b1_n1,1054
v2_E1_poisson_rho1.1_seed17-20261009T164228-70265aa8,E1,poisson,1.1,17,b1_n1,1042
v2_E1_poisson_rho1.1_seed2026-20261009T045811-01c0b0f0,E1,poisson,1.1,2026,b1_n1,1011
v2_E1_poisson_rho1.1_seed42-20261010T121636-205f753c,E1,poisson,1.1,42,b1_n1,968
v2_F0_burst_rho0.3_seed17-20261009T055041-0e46d472,F0,burst,0.3,17,b1_n1,201
v2_F0_burst_rho0.3_seed17-20261009T055041-0e46d472,F0,burst,0.3,17,b2_n2,94
v2_F0_burst_rho0.3_seed17-20261009T055041-0e46d472,F0,burst,0.3,17,b4_n3,75
v2_F0_burst_rho0.3_seed17-20261009T055041-0e46d472,F0,burst,0.3,17,b4_n4,627
v2_F0_burst_rho0.3_seed2026-20261009T050943-77ced7f1,F0,burst,0.3,2026,b1_n1,239
v2_F0_burst_rho0.3_seed2026-20261009T050943-77ced7f1,F0,burst,0.3,2026,b2_n2,97
v2_F0_burst_rho0.3_seed2026-20261009T050943-77ced7f1,F0,burst,0.3,2026,b4_n3,72
v2_F0_burst_rho0.3_seed2026-20261009T050943-77ced7f1,F0,burst,0.3,2026,b4_n4,592
v2_F0_burst_rho0.3_seed42-20261009T165105-991ca706,F0,burst,0.3,42,b1_n1,214
v2_F0_burst_rho0.3_seed42-20261009T165105-991ca706,F0,burst,0.3,42,b2_n2,99
v2_F0_burst_rho0.3_seed42-20261009T165105-991ca706,F0,burst,0.3,42,b4_n3,78
v2_F0_burst_rho0.3_seed42-20261009T165105-991ca706,F0,burst,0.3,42,b4_n4,590
v2_F0_burst_rho0.6_seed17-20261009T161439-c4e91128,F0,burst,0.6,17,b1_n1,131
v2_F0_burst_rho0.6_seed17-20261009T161439-c4e91128,F0,burst,0.6,17,b2_n2,85
v2_F0_burst_rho0.6_seed17-20261009T161439-c4e91128,F0,burst,0.6,17,b4_n3,64
v2_F0_burst_rho0.6_seed17-20261009T161439-c4e91128,F0,burst,0.6,17,b4_n4,1430
v2_F0_burst_rho0.6_seed2026-20261009T040103-d4754fa1,F0,burst,0.6,2026,b1_n1,139
v2_F0_burst_rho0.6_seed2026-20261009T040103-d4754fa1,F0,burst,0.6,2026,b2_n2,54
v2_F0_burst_rho0.6_seed2026-20261009T040103-d4754fa1,F0,burst,0.6,2026,b4_n3,74
v2_F0_burst_rho0.6_seed2026-20261009T040103-d4754fa1,F0,burst,0.6,2026,b4_n4,1363
v2_F0_burst_rho0.6_seed42-20261010T131107-8c51b943,F0,burst,0.6,42,b1_n1,142
v2_F0_burst_rho0.6_seed42-20261010T131107-8c51b943,F0,burst,0.6,42,b2_n2,42
v2_F0_burst_rho0.6_seed42-20261010T131107-8c51b943,F0,burst,0.6,42,b4_n3,76
v2_F0_burst_rho0.6_seed42-20261010T131107-8c51b943,F0,burst,0.6,42,b4_n4,1426
v2_F0_burst_rho0.9_seed17-20261009T043044-2d123c4c,F0,burst,0.9,17,b1_n1,69
v2_F0_burst_rho0.9_seed17-20261009T043044-2d123c4c,F0,burst,0.9,17,b2_n2,33
v2_F0_burst_rho0.9_seed17-20261009T043044-2d123c4c,F0,burst,0.9,17,b4_n3,26
v2_F0_burst_rho0.9_seed17-20261009T043044-2d123c4c,F0,burst,0.9,17,b4_n4,2256
v2_F0_burst_rho0.9_seed2026-20261009T043848-5bec9878,F0,burst,0.9,2026,b1_n1,83
v2_F0_burst_rho0.9_seed2026-20261009T043848-5bec9878,F0,burst,0.9,2026,b2_n2,35
v2_F0_burst_rho0.9_seed2026-20261009T043848-5bec9878,F0,burst,0.9,2026,b4_n3,52
v2_F0_burst_rho0.9_seed2026-20261009T043848-5bec9878,F0,burst,0.9,2026,b4_n4,2160
v2_F0_burst_rho0.9_seed42-20261010T115408-b981823e,F0,burst,0.9,42,b1_n1,97
v2_F0_burst_rho0.9_seed42-20261010T115408-b981823e,F0,burst,0.9,42,b2_n2,44
v2_F0_burst_rho0.9_seed42-20261010T115408-b981823e,F0,burst,0.9,42,b4_n3,57
v2_F0_burst_rho0.9_seed42-20261010T115408-b981823e,F0,burst,0.9,42,b4_n4,2189
v2_F0_burst_rho1.1_seed17-20261009T162255-5acedc96,F0,burst,1.1,17,b4_n4,2431
v2_F0_burst_rho1.1_seed2026-20261009T154105-90b2dd48,F0,burst,1.1,2026,b4_n4,2515
v2_F0_burst_rho1.1_seed42-20261010T122622-2231f5f0,F0,burst,1.1,42,b4_n4,2437
v2_F0_periodic_rho0.3_seed17-20261009T151702-6c78a10f,F0,periodic,0.3,17,b1_n1,3008
v2_F0_periodic_rho0.3_seed17-20261009T151702-6c78a10f,F0,periodic,0.3,17,b2_n2,4
v2_F0_periodic_rho0.3_seed2026-20261010T132019-f84f40ff,F0,periodic,0.3,2026,b1_n1,3008
v2_F0_periodic_rho0.3_seed2026-20261010T132019-f84f40ff,F0,periodic,0.3,2026,b2_n2,4
v2_F0_periodic_rho0.3_seed42-20261009T054121-2dde038f,F0,periodic,0.3,42,b1_n1,3010
v2_F0_periodic_rho0.3_seed42-20261009T054121-2dde038f,F0,periodic,0.3,42,b2_n2,3
v2_F0_periodic_rho0.6_seed17-20261009T154916-5d149501,F0,periodic,0.6,17,b1_n1,5176
v2_F0_periodic_rho0.6_seed17-20261009T154916-5d149501,F0,periodic,0.6,17,b2_n2,403
v2_F0_periodic_rho0.6_seed17-20261009T154916-5d149501,F0,periodic,0.6,17,b4_n3,17
v2_F0_periodic_rho0.6_seed2026-20261009T052201-5f49a0cd,F0,periodic,0.6,2026,b1_n1,5334
v2_F0_periodic_rho0.6_seed2026-20261009T052201-5f49a0cd,F0,periodic,0.6,2026,b2_n2,340
v2_F0_periodic_rho0.6_seed2026-20261009T052201-5f49a0cd,F0,periodic,0.6,2026,b4_n3,6
v2_F0_periodic_rho0.6_seed42-20261009T142047-d20f7261,F0,periodic,0.6,42,b1_n1,5330
v2_F0_periodic_rho0.6_seed42-20261009T142047-d20f7261,F0,periodic,0.6,42,b2_n2,342
v2_F0_periodic_rho0.6_seed42-20261009T142047-d20f7261,F0,periodic,0.6,42,b4_n3,6
v2_F0_periodic_rho0.9_seed17-20261010T120417-ed745e8d,F0,periodic,0.9,17,b1_n1,37
v2_F0_periodic_rho0.9_seed17-20261010T120417-ed745e8d,F0,periodic,0.9,17,b2_n2,214
v2_F0_periodic_rho0.9_seed17-20261010T120417-ed745e8d,F0,periodic,0.9,17,b4_n3,840
v2_F0_periodic_rho0.9_seed17-20261010T120417-ed745e8d,F0,periodic,0.9,17,b4_n4,1516
v2_F0_periodic_rho0.9_seed2026-20261010T124114-d20ae7d0,F0,periodic,0.9,2026,b1_n1,43
v2_F0_periodic_rho0.9_seed2026-20261010T124114-d20ae7d0,F0,periodic,0.9,2026,b2_n2,234
v2_F0_periodic_rho0.9_seed2026-20261010T124114-d20ae7d0,F0,periodic,0.9,2026,b4_n3,792
v2_F0_periodic_rho0.9_seed2026-20261010T124114-d20ae7d0,F0,periodic,0.9,2026,b4_n4,1541
v2_F0_periodic_rho0.9_seed42-20261009T140931-307cc086,F0,periodic,0.9,42,b1_n1,45
v2_F0_periodic_rho0.9_seed42-20261009T140931-307cc086,F0,periodic,0.9,42,b2_n2,241
v2_F0_periodic_rho0.9_seed42-20261009T140931-307cc086,F0,periodic,0.9,42,b4_n3,777
v2_F0_periodic_rho0.9_seed42-20261009T140931-307cc086,F0,periodic,0.9,42,b4_n4,1548
v2_F0_periodic_rho1.1_seed17-20261010T124640-0dd75a3e,F0,periodic,1.1,17,b4_n4,2524
v2_F0_periodic_rho1.1_seed2026-20261009T145829-4a5ca67e,F0,periodic,1.1,2026,b1_n1,1
v2_F0_periodic_rho1.1_seed2026-20261009T145829-4a5ca67e,F0,periodic,1.1,2026,b4_n4,2612
v2_F0_periodic_rho1.1_seed42-20261009T041206-4313bfb2,F0,periodic,1.1,42,b4_n4,2596
v2_F0_poisson_rho0.3_seed17-20261009T150706-99104d2a,F0,poisson,0.3,17,b1_n1,2808
v2_F0_poisson_rho0.3_seed17-20261009T150706-99104d2a,F0,poisson,0.3,17,b2_n2,134
v2_F0_poisson_rho0.3_seed17-20261009T150706-99104d2a,F0,poisson,0.3,17,b4_n3,13
v2_F0_poisson_rho0.3_seed17-20261009T150706-99104d2a,F0,poisson,0.3,17,b4_n4,2
v2_F0_poisson_rho0.3_seed2026-20261009T153007-ada576ff,F0,poisson,0.3,2026,b1_n1,2692
v2_F0_poisson_rho0.3_seed2026-20261009T153007-ada576ff,F0,poisson,0.3,2026,b2_n2,138
v2_F0_poisson_rho0.3_seed2026-20261009T153007-ada576ff,F0,poisson,0.3,2026,b4_n3,15
v2_F0_poisson_rho0.3_seed42-20261009T160615-90230a5e,F0,poisson,0.3,42,b1_n1,2618
v2_F0_poisson_rho0.3_seed42-20261009T160615-90230a5e,F0,poisson,0.3,42,b2_n2,140
v2_F0_poisson_rho0.3_seed42-20261009T160615-90230a5e,F0,poisson,0.3,42,b4_n3,24
v2_F0_poisson_rho0.3_seed42-20261009T160615-90230a5e,F0,poisson,0.3,42,b4_n4,5
v2_F0_poisson_rho0.6_seed17-20261010T125637-6600f827,F0,poisson,0.6,17,b1_n1,2519
v2_F0_poisson_rho0.6_seed17-20261010T125637-6600f827,F0,poisson,0.6,17,b2_n2,704
v2_F0_poisson_rho0.6_seed17-20261010T125637-6600f827,F0,poisson,0.6,17,b4_n3,323
v2_F0_poisson_rho0.6_seed17-20261010T125637-6600f827,F0,poisson,0.6,17,b4_n4,331
v2_F0_poisson_rho0.6_seed2026-20261009T060203-a031319c,F0,poisson,0.6,2026,b1_n1,2882
v2_F0_poisson_rho0.6_seed2026-20261009T060203-a031319c,F0,poisson,0.6,2026,b2_n2,654
v2_F0_poisson_rho0.6_seed2026-20261009T060203-a031319c,F0,poisson,0.6,2026,b4_n3,275
v2_F0_poisson_rho0.6_seed2026-20261009T060203-a031319c,F0,poisson,0.6,2026,b4_n4,226
v2_F0_poisson_rho0.6_seed42-20261009T052543-8f4b7f2a,F0,poisson,0.6,42,b1_n1,2492
v2_F0_poisson_rho0.6_seed42-20261009T052543-8f4b7f2a,F0,poisson,0.6,42,b2_n2,683
v2_F0_poisson_rho0.6_seed42-20261009T052543-8f4b7f2a,F0,poisson,0.6,42,b4_n3,348
v2_F0_poisson_rho0.6_seed42-20261009T052543-8f4b7f2a,F0,poisson,0.6,42,b4_n4,312
v2_F0_poisson_rho0.9_seed17-20261010T133036-9bdcc9bc,F0,poisson,0.9,17,b1_n1,267
v2_F0_poisson_rho0.9_seed17-20261010T133036-9bdcc9bc,F0,poisson,0.9,17,b2_n2,224
v2_F0_poisson_rho0.9_seed17-20261010T133036-9bdcc9bc,F0,poisson,0.9,17,b4_n3,289
v2_F0_poisson_rho0.9_seed17-20261010T133036-9bdcc9bc,F0,poisson,0.9,17,b4_n4,1920
v2_F0_poisson_rho0.9_seed2026-20261009T144728-bf856c45,F0,poisson,0.9,2026,b1_n1,452
v2_F0_poisson_rho0.9_seed2026-20261009T144728-bf856c45,F0,poisson,0.9,2026,b2_n2,336
v2_F0_poisson_rho0.9_seed2026-20261009T144728-bf856c45,F0,poisson,0.9,2026,b4_n3,316
v2_F0_poisson_rho0.9_seed2026-20261009T144728-bf856c45,F0,poisson,0.9,2026,b4_n4,1715
v2_F0_poisson_rho0.9_seed42-20261009T143504-20f2a19a,F0,poisson,0.9,42,b1_n1,420
v2_F0_poisson_rho0.9_seed42-20261009T143504-20f2a19a,F0,poisson,0.9,42,b2_n2,309
v2_F0_poisson_rho0.9_seed42-20261009T143504-20f2a19a,F0,poisson,0.9,42,b4_n3,274
v2_F0_poisson_rho0.9_seed42-20261009T143504-20f2a19a,F0,poisson,0.9,42,b4_n4,1816
v2_F0_poisson_rho1.1_seed17-20261009T163951-6b47b8e9,F0,poisson,1.1,17,b2_n2,1
v2_F0_poisson_rho1.1_seed17-20261009T163951-6b47b8e9,F0,poisson,1.1,17,b4_n4,2490
v2_F0_poisson_rho1.1_seed2026-20261009T044947-be8fc71c,F0,poisson,1.1,2026,b4_n3,1
v2_F0_poisson_rho1.1_seed2026-20261009T044947-be8fc71c,F0,poisson,1.1,2026,b4_n4,2572
v2_F0_poisson_rho1.1_seed42-20261010T121225-bace8f10,F0,poisson,1.1,42,b4_n4,2520
v2_G0_burst_rho0.3_seed17-20261009T055154-35e307b0,G0,burst,0.3,17,b1_n1,2008
v2_G0_burst_rho0.3_seed2026-20261009T050634-ea31ba72,G0,burst,0.3,2026,b1_n1,2105
v2_G0_burst_rho0.3_seed42-20261009T164935-ea73c500,G0,burst,0.3,42,b1_n1,1996
v2_G0_burst_rho0.6_seed17-20261009T162123-cf237c55,G0,burst,0.6,17,b1_n1,1681
v2_G0_burst_rho0.6_seed2026-20261009T040740-398dd153,G0,burst,0.6,2026,b1_n1,1694
v2_G0_burst_rho0.6_seed42-20261010T130637-713ae985,G0,burst,0.6,42,b1_n1,1679
v2_G0_burst_rho0.9_seed17-20261009T043157-02a9fd79,G0,burst,0.9,17,b1_n1,1651
v2_G0_burst_rho0.9_seed2026-20261009T043716-405f520c,G0,burst,0.9,2026,b1_n1,1666
v2_G0_burst_rho0.9_seed42-20261010T114937-1ee0284b,G0,burst,0.9,42,b1_n1,1647
v2_G0_burst_rho1.1_seed17-20261009T162528-30c8260c,G0,burst,1.1,17,b1_n1,1648
v2_G0_burst_rho1.1_seed2026-20261009T153933-f10bfcec,G0,burst,1.1,2026,b1_n1,1636
v2_G0_burst_rho1.1_seed42-20261010T122449-d249bad2,G0,burst,1.1,42,b1_n1,1636
v2_G0_periodic_rho0.3_seed17-20261009T151530-768a28ea,G0,periodic,0.3,17,b1_n1,2014
v2_G0_periodic_rho0.3_seed2026-20261010T132547-5c94ea84,G0,periodic,0.3,2026,b1_n1,1988
v2_G0_periodic_rho0.3_seed42-20261009T054234-db11e8d3,G0,periodic,0.3,42,b1_n1,2004
v2_G0_periodic_rho0.6_seed17-20261009T155329-7990bd74,G0,periodic,0.6,17,b1_n1,1652
v2_G0_periodic_rho0.6_seed2026-20261009T051323-f7b4df8d,G0,periodic,0.6,2026,b1_n1,1679
v2_G0_periodic_rho0.6_seed42-20261009T141502-89facd95,G0,periodic,0.6,42,b1_n1,1799
v2_G0_periodic_rho0.9_seed17-20261010T120129-e5282dd0,G0,periodic,0.9,17,b1_n1,1623
v2_G0_periodic_rho0.9_seed2026-20261010T123404-7803bd4f,G0,periodic,0.9,2026,b1_n1,1646
v2_G0_periodic_rho0.9_seed42-20261009T140337-55c1d5a4,G0,periodic,0.9,42,b1_n1,1642
v2_G0_periodic_rho1.1_seed17-20261010T124506-b69d95ce,G0,periodic,1.1,17,b1_n1,1588
v2_G0_periodic_rho1.1_seed2026-20261009T145947-db80f6f3,G0,periodic,1.1,2026,b1_n1,1636
v2_G0_periodic_rho1.1_seed42-20261009T042015-472904b0,G0,periodic,1.1,42,b1_n1,1635
v2_G0_poisson_rho0.3_seed17-20261009T150534-5ce27d1a,G0,poisson,0.3,17,b1_n1,2019
v2_G0_poisson_rho0.3_seed2026-20261009T153236-1d6da84b,G0,poisson,0.3,2026,b1_n1,2046
v2_G0_poisson_rho0.3_seed42-20261009T160214-bf7b583b,G0,poisson,0.3,42,b1_n1,1995
v2_G0_poisson_rho0.6_seed17-20261010T125935-f6086931,G0,poisson,0.6,17,b1_n1,1653
v2_G0_poisson_rho0.6_seed2026-20261009T060031-a4492a0c,G0,poisson,0.6,2026,b1_n1,1683
v2_G0_poisson_rho0.6_seed42-20261009T053251-bf98d00e,G0,poisson,0.6,42,b1_n1,1712
v2_G0_poisson_rho0.9_seed17-20261010T132903-6f6f6c90,G0,poisson,0.9,17,b1_n1,1643
v2_G0_poisson_rho0.9_seed2026-20261009T144843-95c8773d,G0,poisson,0.9,2026,b1_n1,1656
v2_G0_poisson_rho0.9_seed42-20261009T142914-7acc52de,G0,poisson,0.9,42,b1_n1,1638
v2_G0_poisson_rho1.1_seed17-20261009T164412-4ec03721,G0,poisson,1.1,17,b1_n1,1659
v2_G0_poisson_rho1.1_seed2026-20261009T045103-07af54ea,G0,poisson,1.1,2026,b1_n1,1647
v2_G0_poisson_rho1.1_seed42-20261010T121502-ab2f40f3,G0,poisson,1.1,42,b1_n1,1600
v2_P0_burst_rho0.3_seed17-20261009T054519-a6750319,P0,burst,0.3,17,b1_n1,3122
v2_P0_burst_rho0.3_seed2026-20261009T050113-1c4ef57f,P0,burst,0.3,2026,b1_n1,3017
v2_P0_burst_rho0.3_seed42-20261009T165332-5650df7f,P0,burst,0.3,42,b1_n1,3006
v2_P0_burst_rho0.6_seed17-20261009T161552-c8c8585b,P0,burst,0.6,17,b1_n1,6213
v2_P0_burst_rho0.6_seed2026-20261009T040512-e121f432,P0,burst,0.6,2026,b1_n1,5921
v2_P0_burst_rho0.6_seed42-20261010T131221-67297b36,P0,burst,0.6,42,b1_n1,6158
v2_P0_burst_rho0.9_seed17-20261009T043329-5e46aa60,P0,burst,0.9,17,b1_n1,5926
v2_P0_burst_rho0.9_seed2026-20261009T044715-9b5a8bf5,P0,burst,0.9,2026,b1_n1,5882
v2_P0_burst_rho0.9_seed42-20261010T114701-ad8a13ad,P0,burst,0.9,42,b1_n1,5826
v2_P0_burst_rho1.1_seed17-20261009T163257-8d09d786,P0,burst,1.1,17,b1_n1,5962
v2_P0_burst_rho1.1_seed2026-20261009T154340-16774fa6,P0,burst,1.1,2026,b1_n1,6052
v2_P0_burst_rho1.1_seed42-20261010T122056-8768609f,P0,burst,1.1,42,b1_n1,5950
v2_P0_periodic_rho0.3_seed17-20261009T152257-16118453,P0,periodic,0.3,17,b1_n1,3016
v2_P0_periodic_rho0.3_seed2026-20261010T131905-cad3bd5d,P0,periodic,0.3,2026,b1_n1,3016
v2_P0_periodic_rho0.3_seed42-20261009T053606-556d5762,P0,periodic,0.3,42,b1_n1,3016
v2_P0_periodic_rho0.6_seed17-20261009T155646-097655cb,P0,periodic,0.6,17,b1_n1,6032
v2_P0_periodic_rho0.6_seed2026-20261009T051609-ccf08ce6,P0,periodic,0.6,2026,b1_n1,6032
v2_P0_periodic_rho0.6_seed42-20261009T141932-df9082d9,P0,periodic,0.6,42,b1_n1,6032
v2_P0_periodic_rho0.9_seed17-20261010T115707-05616ccb,P0,periodic,0.9,17,b1_n1,6751
v2_P0_periodic_rho0.9_seed2026-20261010T124229-6c5c1e4c,P0,periodic,0.9,2026,b1_n1,6689
v2_P0_periodic_rho0.9_seed42-20261009T141046-700f72aa,P0,periodic,0.9,42,b1_n1,6899
v2_P0_periodic_rho1.1_seed17-20261010T124915-1701f706,P0,periodic,1.1,17,b1_n1,6672
v2_P0_periodic_rho1.1_seed2026-20261009T145135-8af6b189,P0,periodic,1.1,2026,b1_n1,6848
v2_P0_periodic_rho1.1_seed42-20261009T041439-652386c0,P0,periodic,1.1,42,b1_n1,6781
v2_P0_poisson_rho0.3_seed17-20261009T150419-525d8a0a,P0,poisson,0.3,17,b1_n1,3123
v2_P0_poisson_rho0.3_seed2026-20261009T153122-edae3914,P0,poisson,0.3,2026,b1_n1,3013
v2_P0_poisson_rho0.3_seed42-20261009T161027-a4cba6cc,P0,poisson,0.3,42,b1_n1,2990
v2_P0_poisson_rho0.6_seed17-20261010T130338-0ca201a2,P0,poisson,0.6,17,b1_n1,6220
v2_P0_poisson_rho0.6_seed2026-20261009T055804-a34ca32f,P0,poisson,0.6,2026,b1_n1,5919
v2_P0_poisson_rho0.6_seed42-20261009T052429-b359b1b8,P0,poisson,0.6,42,b1_n1,6150
v2_P0_poisson_rho0.9_seed17-20261010T133607-e2b1d452,P0,poisson,0.9,17,b1_n1,6493
v2_P0_poisson_rho0.9_seed2026-20261009T145016-569f3c1a,P0,poisson,0.9,2026,b1_n1,6800
v2_P0_poisson_rho0.9_seed42-20261009T143736-1ffb7571,P0,poisson,0.9,42,b1_n1,6814
v2_P0_poisson_rho1.1_seed17-20261009T164109-bac69da1,P0,poisson,1.1,17,b1_n1,6627
v2_P0_poisson_rho1.1_seed2026-20261009T045509-342a4b13,P0,poisson,1.1,2026,b1_n1,6590
v2_P0_poisson_rho1.1_seed42-20261010T121343-da1dcca2,P0,poisson,1.1,42,b1_n1,6568
v2_R0_burst_rho0.3_seed17-20261009T055325-f4c0c28b,R0,burst,0.3,17,b1_n1,64
v2_R0_burst_rho0.3_seed17-20261009T055325-f4c0c28b,R0,burst,0.3,17,b2_n2,21
v2_R0_burst_rho0.3_seed17-20261009T055325-f4c0c28b,R0,burst,0.3,17,b4_n3,15
v2_R0_burst_rho0.3_seed17-20261009T055325-f4c0c28b,R0,burst,0.3,17,b4_n4,17
v2_R0_burst_rho0.3_seed17-20261009T055325-f4c0c28b,R0,burst,0.3,17,b8_n5,16
v2_R0_burst_rho0.3_seed17-20261009T055325-f4c0c28b,R0,burst,0.3,17,b8_n6,13
v2_R0_burst_rho0.3_seed17-20261009T055325-f4c0c28b,R0,burst,0.3,17,b8_n7,15
v2_R0_burst_rho0.3_seed17-20261009T055325-f4c0c28b,R0,burst,0.3,17,b8_n8,330
v2_R0_burst_rho0.3_seed2026-20261009T050521-b74a5a08,R0,burst,0.3,2026,b1_n1,57
v2_R0_burst_rho0.3_seed2026-20261009T050521-b74a5a08,R0,burst,0.3,2026,b2_n2,19
v2_R0_burst_rho0.3_seed2026-20261009T050521-b74a5a08,R0,burst,0.3,2026,b4_n3,19
v2_R0_burst_rho0.3_seed2026-20261009T050521-b74a5a08,R0,burst,0.3,2026,b4_n4,16
v2_R0_burst_rho0.3_seed2026-20261009T050521-b74a5a08,R0,burst,0.3,2026,b8_n5,20
v2_R0_burst_rho0.3_seed2026-20261009T050521-b74a5a08,R0,burst,0.3,2026,b8_n6,19
v2_R0_burst_rho0.3_seed2026-20261009T050521-b74a5a08,R0,burst,0.3,2026,b8_n7,21
v2_R0_burst_rho0.3_seed2026-20261009T050521-b74a5a08,R0,burst,0.3,2026,b8_n8,305
v2_R0_burst_rho0.3_seed42-20261009T165218-ae268972,R0,burst,0.3,42,b1_n1,62
v2_R0_burst_rho0.3_seed42-20261009T165218-ae268972,R0,burst,0.3,42,b2_n2,21
v2_R0_burst_rho0.3_seed42-20261009T165218-ae268972,R0,burst,0.3,42,b4_n3,21
v2_R0_burst_rho0.3_seed42-20261009T165218-ae268972,R0,burst,0.3,42,b4_n4,18
v2_R0_burst_rho0.3_seed42-20261009T165218-ae268972,R0,burst,0.3,42,b8_n5,16
v2_R0_burst_rho0.3_seed42-20261009T165218-ae268972,R0,burst,0.3,42,b8_n6,17
v2_R0_burst_rho0.3_seed42-20261009T165218-ae268972,R0,burst,0.3,42,b8_n7,15
v2_R0_burst_rho0.3_seed42-20261009T165218-ae268972,R0,burst,0.3,42,b8_n8,310
v2_R0_burst_rho0.6_seed17-20261009T161324-6da19cf0,R0,burst,0.6,17,b1_n1,51
v2_R0_burst_rho0.6_seed17-20261009T161324-6da19cf0,R0,burst,0.6,17,b2_n2,26
v2_R0_burst_rho0.6_seed17-20261009T161324-6da19cf0,R0,burst,0.6,17,b4_n3,4
v2_R0_burst_rho0.6_seed17-20261009T161324-6da19cf0,R0,burst,0.6,17,b4_n4,3
v2_R0_burst_rho0.6_seed17-20261009T161324-6da19cf0,R0,burst,0.6,17,b8_n5,7
v2_R0_burst_rho0.6_seed17-20261009T161324-6da19cf0,R0,burst,0.6,17,b8_n6,14
v2_R0_burst_rho0.6_seed17-20261009T161324-6da19cf0,R0,burst,0.6,17,b8_n7,9
v2_R0_burst_rho0.6_seed17-20261009T161324-6da19cf0,R0,burst,0.6,17,b8_n8,738
v2_R0_burst_rho0.6_seed2026-20261009T040359-e763ce04,R0,burst,0.6,2026,b1_n1,41
v2_R0_burst_rho0.6_seed2026-20261009T040359-e763ce04,R0,burst,0.6,2026,b2_n2,26
v2_R0_burst_rho0.6_seed2026-20261009T040359-e763ce04,R0,burst,0.6,2026,b4_n3,9
v2_R0_burst_rho0.6_seed2026-20261009T040359-e763ce04,R0,burst,0.6,2026,b4_n4,6
v2_R0_burst_rho0.6_seed2026-20261009T040359-e763ce04,R0,burst,0.6,2026,b8_n5,9
v2_R0_burst_rho0.6_seed2026-20261009T040359-e763ce04,R0,burst,0.6,2026,b8_n6,12
v2_R0_burst_rho0.6_seed2026-20261009T040359-e763ce04,R0,burst,0.6,2026,b8_n7,12
v2_R0_burst_rho0.6_seed2026-20261009T040359-e763ce04,R0,burst,0.6,2026,b8_n8,697
v2_R0_burst_rho0.6_seed42-20261010T131452-8a886e35,R0,burst,0.6,42,b1_n1,47
v2_R0_burst_rho0.6_seed42-20261010T131452-8a886e35,R0,burst,0.6,42,b2_n2,20
v2_R0_burst_rho0.6_seed42-20261010T131452-8a886e35,R0,burst,0.6,42,b4_n3,13
v2_R0_burst_rho0.6_seed42-20261010T131452-8a886e35,R0,burst,0.6,42,b4_n4,11
v2_R0_burst_rho0.6_seed42-20261010T131452-8a886e35,R0,burst,0.6,42,b8_n5,6
v2_R0_burst_rho0.6_seed42-20261010T131452-8a886e35,R0,burst,0.6,42,b8_n6,6
v2_R0_burst_rho0.6_seed42-20261010T131452-8a886e35,R0,burst,0.6,42,b8_n7,14
v2_R0_burst_rho0.6_seed42-20261010T131452-8a886e35,R0,burst,0.6,42,b8_n8,728
v2_R0_burst_rho0.9_seed17-20261009T043446-f369d533,R0,burst,0.9,17,b8_n8,1013
v2_R0_burst_rho0.9_seed2026-20261009T044232-1a851c64,R0,burst,0.9,2026,b2_n2,1
v2_R0_burst_rho0.9_seed2026-20261009T044232-1a851c64,R0,burst,0.9,2026,b8_n8,987
v2_R0_burst_rho0.9_seed42-20261010T114544-1f11eba6,R0,burst,0.9,42,b8_n8,946
v2_R0_burst_rho1.1_seed17-20261009T163415-0d6f93da,R0,burst,1.1,17,b8_n8,1033
v2_R0_burst_rho1.1_seed2026-20261009T154458-c3e706de,R0,burst,1.1,2026,b8_n8,1025
v2_R0_burst_rho1.1_seed42-20261010T122333-e614420e,R0,burst,1.1,42,b8_n8,993
v2_R0_periodic_rho0.3_seed17-20261009T151816-d71c03d9,R0,periodic,0.3,17,b1_n1,2153
v2_R0_periodic_rho0.3_seed17-20261009T151816-d71c03d9,R0,periodic,0.3,17,b2_n2,427
v2_R0_periodic_rho0.3_seed17-20261009T151816-d71c03d9,R0,periodic,0.3,17,b4_n3,3
v2_R0_periodic_rho0.3_seed2026-20261010T132134-6edaad7d,R0,periodic,0.3,2026,b1_n1,1958
v2_R0_periodic_rho0.3_seed2026-20261010T132134-6edaad7d,R0,periodic,0.3,2026,b2_n2,523
v2_R0_periodic_rho0.3_seed2026-20261010T132134-6edaad7d,R0,periodic,0.3,2026,b4_n3,4
v2_R0_periodic_rho0.3_seed42-20261009T054007-53d499a9,R0,periodic,0.3,42,b1_n1,1905
v2_R0_periodic_rho0.3_seed42-20261009T054007-53d499a9,R0,periodic,0.3,42,b2_n2,497
v2_R0_periodic_rho0.3_seed42-20261009T054007-53d499a9,R0,periodic,0.3,42,b4_n3,35
v2_R0_periodic_rho0.3_seed42-20261009T054007-53d499a9,R0,periodic,0.3,42,b4_n4,3
v2_R0_periodic_rho0.6_seed17-20261009T155215-771e0a91,R0,periodic,0.6,17,b1_n1,16
v2_R0_periodic_rho0.6_seed17-20261009T155215-771e0a91,R0,periodic,0.6,17,b2_n2,63
v2_R0_periodic_rho0.6_seed17-20261009T155215-771e0a91,R0,periodic,0.6,17,b4_n3,165
v2_R0_periodic_rho0.6_seed17-20261009T155215-771e0a91,R0,periodic,0.6,17,b4_n4,261
v2_R0_periodic_rho0.6_seed17-20261009T155215-771e0a91,R0,periodic,0.6,17,b8_n5,351
v2_R0_periodic_rho0.6_seed17-20261009T155215-771e0a91,R0,periodic,0.6,17,b8_n6,255
v2_R0_periodic_rho0.6_seed17-20261009T155215-771e0a91,R0,periodic,0.6,17,b8_n7,98
v2_R0_periodic_rho0.6_seed17-20261009T155215-771e0a91,R0,periodic,0.6,17,b8_n8,48
v2_R0_periodic_rho0.6_seed2026-20261009T051455-3da626f5,R0,periodic,0.6,2026,b1_n1,17
v2_R0_periodic_rho0.6_seed2026-20261009T051455-3da626f5,R0,periodic,0.6,2026,b2_n2,70
v2_R0_periodic_rho0.6_seed2026-20261009T051455-3da626f5,R0,periodic,0.6,2026,b4_n3,168
v2_R0_periodic_rho0.6_seed2026-20261009T051455-3da626f5,R0,periodic,0.6,2026,b4_n4,301
v2_R0_periodic_rho0.6_seed2026-20261009T051455-3da626f5,R0,periodic,0.6,2026,b8_n5,389
v2_R0_periodic_rho0.6_seed2026-20261009T051455-3da626f5,R0,periodic,0.6,2026,b8_n6,246
v2_R0_periodic_rho0.6_seed2026-20261009T051455-3da626f5,R0,periodic,0.6,2026,b8_n7,86
v2_R0_periodic_rho0.6_seed2026-20261009T051455-3da626f5,R0,periodic,0.6,2026,b8_n8,18
v2_R0_periodic_rho0.6_seed42-20261009T142500-810c54fe,R0,periodic,0.6,42,b1_n1,11
v2_R0_periodic_rho0.6_seed42-20261009T142500-810c54fe,R0,periodic,0.6,42,b2_n2,137
v2_R0_periodic_rho0.6_seed42-20261009T142500-810c54fe,R0,periodic,0.6,42,b4_n3,337
v2_R0_periodic_rho0.6_seed42-20261009T142500-810c54fe,R0,periodic,0.6,42,b4_n4,435
v2_R0_periodic_rho0.6_seed42-20261009T142500-810c54fe,R0,periodic,0.6,42,b8_n5,297
v2_R0_periodic_rho0.6_seed42-20261009T142500-810c54fe,R0,periodic,0.6,42,b8_n6,179
v2_R0_periodic_rho0.6_seed42-20261009T142500-810c54fe,R0,periodic,0.6,42,b8_n7,43
v2_R0_periodic_rho0.6_seed42-20261009T142500-810c54fe,R0,periodic,0.6,42,b8_n8,17
v2_R0_periodic_rho0.9_seed17-20261010T120532-c193e59b,R0,periodic,0.9,17,b2_n2,1
v2_R0_periodic_rho0.9_seed17-20261010T120532-c193e59b,R0,periodic,0.9,17,b8_n8,884
v2_R0_periodic_rho0.9_seed2026-20261010T123957-05ad831d,R0,periodic,0.9,2026,b8_n7,1
v2_R0_periodic_rho0.9_seed2026-20261010T123957-05ad831d,R0,periodic,0.9,2026,b8_n8,889
v2_R0_periodic_rho0.9_seed42-20261009T140629-1716c907,R0,periodic,0.9,42,b2_n2,1
v2_R0_periodic_rho0.9_seed42-20261009T140629-1716c907,R0,periodic,0.9,42,b8_n8,939
v2_R0_periodic_rho1.1_seed17-20261010T124348-168817be,R0,periodic,1.1,17,b8_n7,1
v2_R0_periodic_rho1.1_seed17-20261010T124348-168817be,R0,periodic,1.1,17,b8_n8,895
v2_R0_periodic_rho1.1_seed2026-20261009T145254-42439a06,R0,periodic,1.1,2026,b8_n8,905
v2_R0_periodic_rho1.1_seed42-20261009T041322-d96a55ea,R0,periodic,1.1,42,b8_n8,910
v2_R0_poisson_rho0.3_seed17-20261009T150820-6749d790,R0,poisson,0.3,17,b1_n1,1200
v2_R0_poisson_rho0.3_seed17-20261009T150820-6749d790,R0,poisson,0.3,17,b2_n2,503
v2_R0_poisson_rho0.3_seed17-20261009T150820-6749d790,R0,poisson,0.3,17,b4_n3,182
v2_R0_poisson_rho0.3_seed17-20261009T150820-6749d790,R0,poisson,0.3,17,b4_n4,63
v2_R0_poisson_rho0.3_seed17-20261009T150820-6749d790,R0,poisson,0.3,17,b8_n5,19
v2_R0_poisson_rho0.3_seed17-20261009T150820-6749d790,R0,poisson,0.3,17,b8_n6,4
v2_R0_poisson_rho0.3_seed2026-20261009T153408-1e68619e,R0,poisson,0.3,2026,b1_n1,1173
v2_R0_poisson_rho0.3_seed2026-20261009T153408-1e68619e,R0,poisson,0.3,2026,b2_n2,459
v2_R0_poisson_rho0.3_seed2026-20261009T153408-1e68619e,R0,poisson,0.3,2026,b4_n3,166
v2_R0_poisson_rho0.3_seed2026-20261009T153408-1e68619e,R0,poisson,0.3,2026,b4_n4,63
v2_R0_poisson_rho0.3_seed2026-20261009T153408-1e68619e,R0,poisson,0.3,2026,b8_n5,18
v2_R0_poisson_rho0.3_seed2026-20261009T153408-1e68619e,R0,poisson,0.3,2026,b8_n6,10
v2_R0_poisson_rho0.3_seed2026-20261009T153408-1e68619e,R0,poisson,0.3,2026,b8_n7,2
v2_R0_poisson_rho0.3_seed2026-20261009T153408-1e68619e,R0,poisson,0.3,2026,b8_n8,1
v2_R0_poisson_rho0.3_seed42-20261009T160346-ad9ebde5,R0,poisson,0.3,42,b1_n1,1060
v2_R0_poisson_rho0.3_seed42-20261009T160346-ad9ebde5,R0,poisson,0.3,42,b2_n2,405
v2_R0_poisson_rho0.3_seed42-20261009T160346-ad9ebde5,R0,poisson,0.3,42,b4_n3,196
v2_R0_poisson_rho0.3_seed42-20261009T160346-ad9ebde5,R0,poisson,0.3,42,b4_n4,68
v2_R0_poisson_rho0.3_seed42-20261009T160346-ad9ebde5,R0,poisson,0.3,42,b8_n5,24
v2_R0_poisson_rho0.3_seed42-20261009T160346-ad9ebde5,R0,poisson,0.3,42,b8_n6,9
v2_R0_poisson_rho0.3_seed42-20261009T160346-ad9ebde5,R0,poisson,0.3,42,b8_n7,10
v2_R0_poisson_rho0.3_seed42-20261009T160346-ad9ebde5,R0,poisson,0.3,42,b8_n8,2
v2_R0_poisson_rho0.6_seed17-20261010T130223-7e84ffad,R0,poisson,0.6,17,b1_n1,95
v2_R0_poisson_rho0.6_seed17-20261010T130223-7e84ffad,R0,poisson,0.6,17,b2_n2,119
v2_R0_poisson_rho0.6_seed17-20261010T130223-7e84ffad,R0,poisson,0.6,17,b4_n3,124
v2_R0_poisson_rho0.6_seed17-20261010T130223-7e84ffad,R0,poisson,0.6,17,b4_n4,101
v2_R0_poisson_rho0.6_seed17-20261010T130223-7e84ffad,R0,poisson,0.6,17,b8_n5,104
v2_R0_poisson_rho0.6_seed17-20261010T130223-7e84ffad,R0,poisson,0.6,17,b8_n6,98
v2_R0_poisson_rho0.6_seed17-20261010T130223-7e84ffad,R0,poisson,0.6,17,b8_n7,97
v2_R0_poisson_rho0.6_seed17-20261010T130223-7e84ffad,R0,poisson,0.6,17,b8_n8,416
v2_R0_poisson_rho0.6_seed2026-20261009T061051-99862425,R0,poisson,0.6,2026,b1_n1,234
v2_R0_poisson_rho0.6_seed2026-20261009T061051-99862425,R0,poisson,0.6,2026,b2_n2,299
v2_R0_poisson_rho0.6_seed2026-20261009T061051-99862425,R0,poisson,0.6,2026,b4_n3,291
v2_R0_poisson_rho0.6_seed2026-20261009T061051-99862425,R0,poisson,0.6,2026,b4_n4,222
v2_R0_poisson_rho0.6_seed2026-20261009T061051-99862425,R0,poisson,0.6,2026,b8_n5,137
v2_R0_poisson_rho0.6_seed2026-20261009T061051-99862425,R0,poisson,0.6,2026,b8_n6,110
v2_R0_poisson_rho0.6_seed2026-20261009T061051-99862425,R0,poisson,0.6,2026,b8_n7,67
v2_R0_poisson_rho0.6_seed2026-20261009T061051-99862425,R0,poisson,0.6,2026,b8_n8,189
v2_R0_poisson_rho0.6_seed42-20261009T052811-a1e0dd1e,R0,poisson,0.6,42,b1_n1,221
v2_R0_poisson_rho0.6_seed42-20261009T052811-a1e0dd1e,R0,poisson,0.6,42,b2_n2,253
v2_R0_poisson_rho0.6_seed42-20261009T052811-a1e0dd1e,R0,poisson,0.6,42,b4_n3,277
v2_R0_poisson_rho0.6_seed42-20261009T052811-a1e0dd1e,R0,poisson,0.6,42,b4_n4,213
v2_R0_poisson_rho0.6_seed42-20261009T052811-a1e0dd1e,R0,poisson,0.6,42,b8_n5,137
v2_R0_poisson_rho0.6_seed42-20261009T052811-a1e0dd1e,R0,poisson,0.6,42,b8_n6,112
v2_R0_poisson_rho0.6_seed42-20261009T052811-a1e0dd1e,R0,poisson,0.6,42,b8_n7,73
v2_R0_poisson_rho0.6_seed42-20261009T052811-a1e0dd1e,R0,poisson,0.6,42,b8_n8,234
v2_R0_poisson_rho0.9_seed17-20261010T133450-3aadc190,R0,poisson,0.9,17,b1_n1,1
v2_R0_poisson_rho0.9_seed17-20261010T133450-3aadc190,R0,poisson,0.9,17,b8_n8,967
v2_R0_poisson_rho0.9_seed2026-20261009T143855-a2e4b312,R0,poisson,0.9,2026,b1_n1,1
v2_R0_poisson_rho0.9_seed2026-20261009T143855-a2e4b312,R0,poisson,0.9,2026,b2_n2,1
v2_R0_poisson_rho0.9_seed2026-20261009T143855-a2e4b312,R0,poisson,0.9,2026,b4_n3,2
v2_R0_poisson_rho0.9_seed2026-20261009T143855-a2e4b312,R0,poisson,0.9,2026,b4_n4,5
v2_R0_poisson_rho0.9_seed2026-20261009T143855-a2e4b312,R0,poisson,0.9,2026,b8_n5,1
v2_R0_poisson_rho0.9_seed2026-20261009T143855-a2e4b312,R0,poisson,0.9,2026,b8_n6,13
v2_R0_poisson_rho0.9_seed2026-20261009T143855-a2e4b312,R0,poisson,0.9,2026,b8_n7,7
v2_R0_poisson_rho0.9_seed2026-20261009T143855-a2e4b312,R0,poisson,0.9,2026,b8_n8,1080
v2_R0_poisson_rho0.9_seed42-20261009T143619-e7ed32b3,R0,poisson,0.9,42,b8_n5,1
v2_R0_poisson_rho0.9_seed42-20261009T143619-e7ed32b3,R0,poisson,0.9,42,b8_n8,1008
v2_R0_poisson_rho1.1_seed17-20261009T164546-17b3a877,R0,poisson,1.1,17,b2_n2,1
v2_R0_poisson_rho1.1_seed17-20261009T164546-17b3a877,R0,poisson,1.1,17,b8_n8,987
v2_R0_poisson_rho1.1_seed2026-20261009T045236-bd4bd0ff,R0,poisson,1.1,2026,b8_n8,926
v2_R0_poisson_rho1.1_seed42-20261010T120649-b2fe02a8,R0,poisson,1.1,42,b8_n5,1
v2_R0_poisson_rho1.1_seed42-20261010T120649-b2fe02a8,R0,poisson,1.1,42,b8_n8,911
