profile,backend,bucket,precision,samples,device_forward_p50_ms,device_forward_p95_ms,host_submit_p50_ms,scope
profile_P0,graph,1,fp32,50,8.537423610687256,8.583411407470702,2.461599,GPU_resident_inputs_forward_only_excludes_CPU_preprocess_and_copies
profile_P0,graph,2,fp32,50,13.236527919769289,13.244023704528807,0.0284315,GPU_resident_inputs_forward_only_excludes_CPU_preprocess_and_copies
profile_P0,graph,4,fp32,50,23.0022554397583,23.01623058319092,0.01671,GPU_resident_inputs_forward_only_excludes_CPU_preprocess_and_copies
profile_P0,graph,8,fp32,50,43.45779228210449,44.541415786743165,0.0171175,GPU_resident_inputs_forward_only_excludes_CPU_preprocess_and_copies
profile_P0_low,graph,1,fp32,50,8.540719985961914,8.568573188781738,2.4601345,GPU_resident_inputs_forward_only_excludes_CPU_preprocess_and_copies
profile_P0_low,graph,2,fp32,50,13.234079837799072,13.24147834777832,0.027715,GPU_resident_inputs_forward_only_excludes_CPU_preprocess_and_copies
profile_P0_low,graph,4,fp32,50,23.004015922546387,23.016620063781737,0.0163665,GPU_resident_inputs_forward_only_excludes_CPU_preprocess_and_copies
profile_P0_low,graph,8,fp32,50,43.51576042175293,44.36091632843018,0.0165379999999999,GPU_resident_inputs_forward_only_excludes_CPU_preprocess_and_copies
profile_C0,compile,1,fp32,50,7.868688106536865,7.911992120742798,7.815215500000001,GPU_resident_inputs_forward_only_excludes_CPU_preprocess_and_copies
profile_C0,compile,2,fp32,50,10.814703941345217,10.820329761505128,10.765478,GPU_resident_inputs_forward_only_excludes_CPU_preprocess_and_copies
profile_C0,compile,4,fp32,50,18.038463592529297,18.06180124282837,17.9925315,GPU_resident_inputs_forward_only_excludes_CPU_preprocess_and_copies
profile_C0,compile,8,fp32,50,33.65995216369629,33.88958911895752,33.61322800000001,GPU_resident_inputs_forward_only_excludes_CPU_preprocess_and_copies
profile_C0_low,compile,1,fp32,50,7.892047882080078,7.917820692062378,7.837761499999999,GPU_resident_inputs_forward_only_excludes_CPU_preprocess_and_copies
profile_C0_low,compile,2,fp32,50,10.810128211975098,10.817816162109375,10.762517,GPU_resident_inputs_forward_only_excludes_CPU_preprocess_and_copies
profile_C0_low,compile,4,fp32,50,18.0206880569458,18.04072303771973,17.974747,GPU_resident_inputs_forward_only_excludes_CPU_preprocess_and_copies
profile_C0_low,compile,8,fp32,50,33.67457580566406,33.88827705383301,33.6136485,GPU_resident_inputs_forward_only_excludes_CPU_preprocess_and_copies
profile_E1,eager,1,fp32,50,15.44596815109253,15.517324733734132,15.4108695,GPU_resident_inputs_forward_only_excludes_CPU_preprocess_and_copies
profile_E1,eager,2,fp32,50,15.519903659820557,15.84211664199829,15.4848,GPU_resident_inputs_forward_only_excludes_CPU_preprocess_and_copies
profile_E1,eager,4,fp32,50,23.961888313293457,23.980802154541017,23.909326,GPU_resident_inputs_forward_only_excludes_CPU_preprocess_and_copies
profile_E1,eager,8,fp32,50,44.30091094970703,44.50186100006104,44.205149500000005,GPU_resident_inputs_forward_only_excludes_CPU_preprocess_and_copies
profile_E1_low,eager,1,fp32,50,15.022736072540283,15.08660454750061,14.987515,GPU_resident_inputs_forward_only_excludes_CPU_preprocess_and_copies
profile_E1_low,eager,2,fp32,50,15.080431938171388,15.430817413330075,15.0453105,GPU_resident_inputs_forward_only_excludes_CPU_preprocess_and_copies
profile_E1_low,eager,4,fp32,50,23.970304489135746,23.983754253387453,23.917724,GPU_resident_inputs_forward_only_excludes_CPU_preprocess_and_copies
profile_E1_low,eager,8,fp32,50,44.25449562072754,44.61234340667725,44.205289500000006,GPU_resident_inputs_forward_only_excludes_CPU_preprocess_and_copies
