arrival_type,rate_multiplier,trace_seed,baseline,D0_run_id,baseline_run_id,goodput_difference_rps,slo_success_difference,latency_p95_difference_ms
burst,0.3,17,F0,v2_D0_burst_rho0.3_seed17-20261009T054745-7eccf955,v2_F0_burst_rho0.3_seed17-20261009T055041-0e46d472,-11.35,-0.21812940422805896,200.52070519999998
burst,0.3,17,C0,v2_D0_burst_rho0.3_seed17-20261009T054745-7eccf955,v2_C0_burst_rho0.3_seed17-20261009T054632-9251569f,-1.5166666666666666,-0.02914798206278027,86.83647789999998
burst,0.3,42,F0,v2_D0_burst_rho0.3_seed42-20261009T164821-239ae293,v2_F0_burst_rho0.3_seed42-20261009T165105-991ca706,-10.466666666666669,-0.208915502328676,198.202502
burst,0.3,42,C0,v2_D0_burst_rho0.3_seed42-20261009T164821-239ae293,v2_C0_burst_rho0.3_seed42-20261010T113948-e133da3f,-1.5,-0.029940119760479042,83.94171324999996
burst,0.3,2026,F0,v2_D0_burst_rho0.3_seed2026-20261009T051057-485778d3,v2_F0_burst_rho0.3_seed2026-20261009T050943-77ced7f1,-10.566666666666668,-0.2101425256877693,170.1237238
burst,0.3,2026,C0,v2_D0_burst_rho0.3_seed2026-20261009T051057-485778d3,v2_C0_burst_rho0.3_seed2026-20261009T050226-7524cc80,-5.066666666666666,-0.10076234670202187,83.20530200000019
burst,0.6,17,F0,v2_D0_burst_rho0.6_seed17-20261009T162007-e140d185,v2_F0_burst_rho0.6_seed17-20261009T161439-c4e91128,-13.283333333333333,-0.1282794141316594,2282.677354
burst,0.6,17,C0,v2_D0_burst_rho0.6_seed17-20261009T162007-e140d185,v2_C0_burst_rho0.6_seed17-20261009T161709-b513f348,-7.25,-0.0700144857556736,2200.5866952
burst,0.6,42,F0,v2_D0_burst_rho0.6_seed42-20261010T131337-6bf4eafa,v2_F0_burst_rho0.6_seed42-20261010T131107-8c51b943,-10.866666666666665,-0.10587853199090613,1196.9990528499995
burst,0.6,42,C0,v2_D0_burst_rho0.6_seed42-20261010T131337-6bf4eafa,v2_C0_burst_rho0.6_seed42-20261010T130953-e7f2770e,-4.483333333333333,-0.04368301396557324,1046.2489080499995
burst,0.6,2026,F0,v2_D0_burst_rho0.6_seed2026-20261009T040911-4b997e55,v2_F0_burst_rho0.6_seed2026-20261009T040103-d4754fa1,-10.5,-0.10640094578618475,439.996386
burst,0.6,2026,C0,v2_D0_burst_rho0.6_seed2026-20261009T040911-4b997e55,v2_C0_burst_rho0.6_seed2026-20261009T040626-9daa052d,-2.9333333333333336,-0.02972470866407701,310.229247
burst,0.9,17,F0,v2_D0_burst_rho0.9_seed17-20261009T042332-89aea766,v2_F0_burst_rho0.9_seed17-20261009T043044-2d123c4c,-8.616666666666667,-0.05597055320991664,4476.190155300001
burst,0.9,17,A0,v2_D0_burst_rho0.9_seed17-20261009T042332-89aea766,v2_A0_burst_rho0.9_seed17-20261009T042449-1763cd95,-5.416666666666667,-0.0351845837393093,4476.689289700001
burst,0.9,17,C0,v2_D0_burst_rho0.9_seed17-20261009T042332-89aea766,v2_C0_burst_rho0.9_seed17-20261009T042603-40406802,-5.0,-0.03247807729782397,4409.416490700001
burst,0.9,42,F0,v2_D0_burst_rho0.9_seed42-20261010T114819-1e36fb9c,v2_F0_burst_rho0.9_seed42-20261010T115408-b981823e,-10.5,-0.06913959613696224,4529.808863800001
burst,0.9,42,A0,v2_D0_burst_rho0.9_seed42-20261010T114819-1e36fb9c,v2_A0_burst_rho0.9_seed42-20261010T114429-dd832f15,-5.083333333333333,-0.033472344161545216,4410.1739033
burst,0.9,42,C0,v2_D0_burst_rho0.9_seed42-20261010T114819-1e36fb9c,v2_C0_burst_rho0.9_seed42-20261010T115110-516bb814,-3.85,-0.02535118525021949,4281.859327700002
burst,0.9,2026,F0,v2_D0_burst_rho0.9_seed2026-20261009T044001-f3db8942,v2_F0_burst_rho0.9_seed2026-20261009T043848-5bec9878,-10.083333333333334,-0.06760531903005923,4656.6786602
burst,0.9,2026,A0,v2_D0_burst_rho0.9_seed2026-20261009T044001-f3db8942,v2_A0_burst_rho0.9_seed2026-20261009T043602-527121fc,-6.133333333333334,-0.04112191306291206,4589.251254
burst,0.9,2026,C0,v2_D0_burst_rho0.9_seed2026-20261009T044001-f3db8942,v2_C0_burst_rho0.9_seed2026-20261009T044119-4d597f07,-4.466666666666667,-0.029947480165381606,4491.452491
burst,1.1,17,F0,v2_D0_burst_rho1.1_seed17-20261009T162843-0b39093a,v2_F0_burst_rho1.1_seed17-20261009T162255-5acedc96,0.0,0.0,2069.3725697000004
burst,1.1,17,A0,v2_D0_burst_rho1.1_seed17-20261009T162843-0b39093a,v2_A0_burst_rho1.1_seed17-20261009T162411-e4a98ab3,0.0,0.0,2021.5236194499998
burst,1.1,17,C0,v2_D0_burst_rho1.1_seed17-20261009T162843-0b39093a,v2_C0_burst_rho1.1_seed17-20261009T163141-1cbdf145,0.0,0.0,2504.9385806
burst,1.1,42,F0,v2_D0_burst_rho1.1_seed42-20261010T122215-fb4888b8,v2_F0_burst_rho1.1_seed42-20261010T122622-2231f5f0,0.0,0.0,2106.5030479999996
burst,1.1,42,A0,v2_D0_burst_rho1.1_seed42-20261010T122215-fb4888b8,v2_A0_burst_rho1.1_seed42-20261010T121940-939f3254,0.0,0.0,1965.72284735
burst,1.1,42,C0,v2_D0_burst_rho1.1_seed42-20261010T122215-fb4888b8,v2_C0_burst_rho1.1_seed42-20261010T123104-f36d9d84,0.0,0.0,2343.4282847499994
burst,1.1,2026,F0,v2_D0_burst_rho1.1_seed2026-20261009T154222-1b65d991,v2_F0_burst_rho1.1_seed2026-20261009T154105-90b2dd48,0.0,0.0,2229.70913585
burst,1.1,2026,A0,v2_D0_burst_rho1.1_seed2026-20261009T154222-1b65d991,v2_A0_burst_rho1.1_seed2026-20261009T154759-a2fec172,0.0,0.0,1965.7876754
burst,1.1,2026,C0,v2_D0_burst_rho1.1_seed2026-20261009T154222-1b65d991,v2_C0_burst_rho1.1_seed2026-20261009T153817-fed8a701,0.0,0.0,2389.14742525
periodic,0.3,17,F0,v2_D0_periodic_rho0.3_seed17-20261009T151415-f4dc68f7,v2_F0_periodic_rho0.3_seed17-20261009T151702-6c78a10f,0.11666666666666714,0.0023209549071617763,0.29219974999999465
periodic,0.3,17,C0,v2_D0_periodic_rho0.3_seed17-20261009T151415-f4dc68f7,v2_C0_periodic_rho0.3_seed17-20261009T152411-45041507,2.933333333333337,0.05835543766578244,-6.838561999999996
periodic,0.3,42,F0,v2_D0_periodic_rho0.3_seed42-20261009T053720-d37d0737,v2_F0_periodic_rho0.3_seed42-20261009T054121-2dde038f,0.29999999999999716,0.005968169761273234,-0.679527499999999
periodic,0.3,42,C0,v2_D0_periodic_rho0.3_seed42-20261009T053720-d37d0737,v2_C0_periodic_rho0.3_seed42-20261009T054406-baaaa908,8.816666666666663,0.1753978779840849,-23.922773999999997
periodic,0.3,2026,F0,v2_D0_periodic_rho0.3_seed2026-20261010T131750-0700ae2f,v2_F0_periodic_rho0.3_seed2026-20261010T132019-f84f40ff,-0.7833333333333314,-0.015583554376657816,3.7064022499999965
periodic,0.3,2026,C0,v2_D0_periodic_rho0.3_seed2026-20261010T131750-0700ae2f,v2_C0_periodic_rho0.3_seed2026-20261010T132248-57dc8ec2,6.516666666666666,0.12964190981432366,-12.643549500000006
periodic,0.6,17,F0,v2_D0_periodic_rho0.6_seed17-20261009T155801-a36917a1,v2_F0_periodic_rho0.6_seed17-20261009T154916-5d149501,-2.5500000000000114,-0.025364721485411135,2.1554088500000006
periodic,0.6,17,C0,v2_D0_periodic_rho0.6_seed17-20261009T155801-a36917a1,v2_C0_periodic_rho0.6_seed17-20261009T155915-0d36e0df,34.916666666666664,0.34731432360742703,-70.67040215
periodic,0.6,42,F0,v2_D0_periodic_rho0.6_seed42-20261009T142345-b9f51d01,v2_F0_periodic_rho0.6_seed42-20261009T142047-d20f7261,-2.066666666666663,-0.020557029177718844,1.4232308500000102
periodic,0.6,42,C0,v2_D0_periodic_rho0.6_seed42-20261009T142345-b9f51d01,v2_C0_periodic_rho0.6_seed42-20261009T141818-7c8feb49,36.16666666666667,0.3597480106100796,-63.56262460000001
periodic,0.6,2026,F0,v2_D0_periodic_rho0.6_seed2026-20261009T051210-60930fcd,v2_F0_periodic_rho0.6_seed2026-20261009T052201-5f49a0cd,0.38333333333332575,0.003812997347480085,0.07526850000000707
periodic,0.6,2026,C0,v2_D0_periodic_rho0.6_seed2026-20261009T051210-60930fcd,v2_C0_periodic_rho0.6_seed2026-20261009T051723-2d4c2c75,37.599999999999994,0.3740053050397878,-61.4115881
periodic,0.9,17,F0,v2_D0_periodic_rho0.9_seed17-20261010T120010-302c08dc,v2_F0_periodic_rho0.9_seed17-20261010T120417-ed745e8d,-73.41666666666667,-0.4868479221927498,4583.0322731
periodic,0.9,17,C0,v2_D0_periodic_rho0.9_seed17-20261010T120010-302c08dc,v2_C0_periodic_rho0.9_seed17-20261010T120303-677d945c,-19.05,-0.1263262599469496,2799.7869572500003
periodic,0.9,42,F0,v2_D0_periodic_rho0.9_seed42-20261009T140510-78a91eef,v2_F0_periodic_rho0.9_seed42-20261009T140931-307cc086,-72.5,-0.4807692307692308,4515.9549698499995
periodic,0.9,42,C0,v2_D0_periodic_rho0.9_seed42-20261009T140510-78a91eef,v2_C0_periodic_rho0.9_seed42-20261009T141347-8c931033,-19.383333333333333,-0.12853669319186561,2805.336616999999
periodic,0.9,2026,F0,v2_D0_periodic_rho0.9_seed2026-20261010T123838-e706ddd1,v2_F0_periodic_rho0.9_seed2026-20261010T124114-d20ae7d0,-71.41666666666667,-0.47358532272325377,4674.042253549999
periodic,0.9,2026,C0,v2_D0_periodic_rho0.9_seed2026-20261010T123838-e706ddd1,v2_C0_periodic_rho0.9_seed2026-20261010T123537-16f45249,-5.3,-0.035145888594164454,1286.5485666999994
periodic,1.1,17,F0,v2_D0_periodic_rho1.1_seed17-20261010T125403-578c4cfe,v2_F0_periodic_rho1.1_seed17-20261010T124640-0dd75a3e,0.0,0.0,1484.1501340500008
periodic,1.1,17,C0,v2_D0_periodic_rho1.1_seed17-20261010T125403-578c4cfe,v2_C0_periodic_rho1.1_seed17-20261010T124758-c0183e16,0.0,0.0,880.2739102499995
periodic,1.1,42,F0,v2_D0_periodic_rho1.1_seed42-20261009T041741-b372f057,v2_F0_periodic_rho1.1_seed42-20261009T041206-4313bfb2,0.0,0.0,1530.4981773499999
periodic,1.1,42,C0,v2_D0_periodic_rho1.1_seed42-20261009T041741-b372f057,v2_C0_periodic_rho1.1_seed42-20261009T041859-b7a600cd,0.0,0.0,1116.3846140499995
periodic,1.1,2026,F0,v2_D0_periodic_rho1.1_seed2026-20261009T145710-fe783759,v2_F0_periodic_rho1.1_seed2026-20261009T145829-4a5ca67e,0.0,0.0,1615.9008541999997
periodic,1.1,2026,C0,v2_D0_periodic_rho1.1_seed2026-20261009T145710-fe783759,v2_C0_periodic_rho1.1_seed2026-20261009T145411-4b322084,-22.216666666666665,-0.12054621088804486,1565.3483048000007
poisson,0.3,17,F0,v2_D0_poisson_rho0.3_seed17-20261009T150305-300f38d7,v2_F0_poisson_rho0.3_seed17-20261009T150706-99104d2a,-1.2833333333333314,-0.02465577969900734,5.917318399999999
poisson,0.3,17,C0,v2_D0_poisson_rho0.3_seed17-20261009T150305-300f38d7,v2_C0_poisson_rho0.3_seed17-20261009T151301-1d3fe222,8.56666666666667,0.16458533461415303,-25.56161920000001
poisson,0.3,42,F0,v2_D0_poisson_rho0.3_seed42-20261009T160913-c618f4c0,v2_F0_poisson_rho0.3_seed42-20261009T160615-90230a5e,-0.8500000000000014,-0.017056856187290914,3.0196923999999683
poisson,0.3,42,C0,v2_D0_poisson_rho0.3_seed42-20261009T160913-c618f4c0,v2_C0_poisson_rho0.3_seed42-20261009T160501-0d7572a3,7.93333333333333,0.1591973244147158,-36.46151805000004
poisson,0.3,2026,F0,v2_D0_poisson_rho0.3_seed2026-20261009T152526-899657cb,v2_F0_poisson_rho0.3_seed2026-20261009T153007-ada576ff,-0.8333333333333286,-0.016594756057085935,4.23663719999999
poisson,0.3,2026,C0,v2_D0_poisson_rho0.3_seed2026-20261009T152526-899657cb,v2_C0_poisson_rho0.3_seed2026-20261009T153522-6fbe2a32,10.56666666666667,0.21042150680384997,-42.818332200000015
poisson,0.6,17,F0,v2_D0_poisson_rho0.6_seed17-20261010T130108-f7523575,v2_F0_poisson_rho0.6_seed17-20261010T125637-6600f827,-18.449999999999996,-0.17797427652733117,151.89831399999997
poisson,0.6,17,C0,v2_D0_poisson_rho0.6_seed17-20261010T130108-f7523575,v2_C0_poisson_rho0.6_seed17-20261010T125522-b1fdd49d,-5.533333333333331,-0.05337620578778135,121.16829004999997
poisson,0.6,42,F0,v2_D0_poisson_rho0.6_seed42-20261009T052657-548dad46,v2_F0_poisson_rho0.6_seed42-20261009T052543-8f4b7f2a,-2.049999999999997,-0.020000000000000018,70.0277956999996
poisson,0.6,42,C0,v2_D0_poisson_rho0.6_seed42-20261009T052657-548dad46,v2_C0_poisson_rho0.6_seed42-20261009T052315-b4f98ea5,9.56666666666667,0.09333333333333332,39.88035959999959
poisson,0.6,2026,F0,v2_D0_poisson_rho0.6_seed2026-20261009T055917-eafec980,v2_F0_poisson_rho0.6_seed2026-20261009T060203-a031319c,-6.266666666666666,-0.06352424396012846,58.150888700000024
poisson,0.6,2026,C0,v2_D0_poisson_rho0.6_seed2026-20261009T055917-eafec980,v2_C0_poisson_rho0.6_seed2026-20261009T060710-0867146a,7.75,0.07856056766345665,23.899536299999994
poisson,0.9,17,F0,v2_D0_poisson_rho0.9_seed17-20261010T134025-1b3c036e,v2_F0_poisson_rho0.9_seed17-20261010T133036-9bdcc9bc,-53.13333333333333,-0.34427645788336936,4557.31711705
poisson,0.9,17,A0,v2_D0_poisson_rho0.9_seed17-20261010T134025-1b3c036e,v2_A0_poisson_rho0.9_seed17-20261010T133911-5c8de013,-46.36666666666667,-0.30043196544276457,4512.1900703
poisson,0.9,17,C0,v2_D0_poisson_rho0.9_seed17-20261010T134025-1b3c036e,v2_C0_poisson_rho0.9_seed17-20261010T133151-27ba08de,-7.416666666666667,-0.048056155507559394,1640.4310215
poisson,0.9,42,F0,v2_D0_poisson_rho0.9_seed42-20261009T143346-420636e6,v2_F0_poisson_rho0.9_seed42-20261009T143504-20f2a19a,-58.55,-0.385155136498191,4561.903559599999
poisson,0.9,42,A0,v2_D0_poisson_rho0.9_seed42-20261009T143346-420636e6,v2_A0_poisson_rho0.9_seed42-20261009T143231-a340e292,-56.333333333333336,-0.3705734020392501,4494.1173646
poisson,0.9,42,C0,v2_D0_poisson_rho0.9_seed42-20261009T143346-420636e6,v2_C0_poisson_rho0.9_seed42-20261009T142759-23170a11,-26.483333333333334,-0.17421335379892555,3238.8385466
poisson,0.9,2026,F0,v2_D0_poisson_rho0.9_seed2026-20261009T144156-0ec077a7,v2_F0_poisson_rho0.9_seed2026-20261009T144728-bf856c45,-57.93333333333333,-0.3891625615763547,4580.605279449999
poisson,0.9,2026,A0,v2_D0_poisson_rho0.9_seed2026-20261009T144156-0ec077a7,v2_A0_poisson_rho0.9_seed2026-20261009T144459-9ea553a7,-58.21666666666667,-0.39106583072100315,4557.1964484499995
poisson,0.9,2026,C0,v2_D0_poisson_rho0.9_seed2026-20261009T144156-0ec077a7,v2_C0_poisson_rho0.9_seed2026-20261009T144614-34f4d83e,-39.36666666666667,-0.2644424540976265,4481.228126600001
poisson,1.1,17,F0,v2_D0_poisson_rho1.1_seed17-20261009T163716-735034e2,v2_F0_poisson_rho1.1_seed17-20261009T163951-6b47b8e9,0.0,0.0,1559.4238741499994
poisson,1.1,17,A0,v2_D0_poisson_rho1.1_seed17-20261009T163716-735034e2,v2_A0_poisson_rho1.1_seed17-20261009T164703-240ac4a5,0.0,0.0,1593.3087637499993
poisson,1.1,17,C0,v2_D0_poisson_rho1.1_seed17-20261009T163716-735034e2,v2_C0_poisson_rho1.1_seed17-20261009T163835-cbd9c72e,0.0,0.0,1296.9395135499994
poisson,1.1,42,F0,v2_D0_poisson_rho1.1_seed42-20261010T121821-d6181406,v2_F0_poisson_rho1.1_seed42-20261010T121225-bace8f10,0.0,0.0,1594.5603248000002
poisson,1.1,42,A0,v2_D0_poisson_rho1.1_seed42-20261010T121821-d6181406,v2_A0_poisson_rho1.1_seed42-20261010T120951-18115570,0.0,0.0,1462.9704624000005
poisson,1.1,42,C0,v2_D0_poisson_rho1.1_seed42-20261010T121821-d6181406,v2_C0_poisson_rho1.1_seed42-20261010T121109-d97d03a2,0.0,0.0,1249.1565275000003
poisson,1.1,2026,F0,v2_D0_poisson_rho1.1_seed2026-20261009T045955-1682cd2c,v2_F0_poisson_rho1.1_seed2026-20261009T044947-be8fc71c,0.0,0.0,1637.4787592500006
poisson,1.1,2026,A0,v2_D0_poisson_rho1.1_seed2026-20261009T045955-1682cd2c,v2_A0_poisson_rho1.1_seed2026-20261009T045353-43a813d6,0.0,0.0,1446.3287903500004
poisson,1.1,2026,C0,v2_D0_poisson_rho1.1_seed2026-20261009T045955-1682cd2c,v2_C0_poisson_rho1.1_seed2026-20261009T044832-812e1698,-6.633333333333334,-0.036247723132969034,1434.4231671000007
