backend,bucket,precision,evaluated_images,AP,AP50,AP75,AP_large,AP_medium,AP_small,AR1,AR10,AR100,AR_large,AR_medium,AR_small,AP_change_pp,quality_gate_passed,predictions_sha256
eager,1,fp32,4000,36.31175367412548,56.32869723623971,37.47605132407134,59.57292145833096,38.624339354578076,12.041317622735654,30.33968975594724,46.82639004794716,50.30103264896746,79.33617489832591,54.736179865199105,20.040897765342727,0.0,True,78d2a6fe087313dbf70bfb17d8673c37636e594000f15dcf8bf4dd1bdbaba924
eager,2,fp32,4000,36.31186522066836,56.32870400364364,37.47605345168511,59.57292074627142,38.62433878504851,12.041407024600908,30.33968975594724,46.82681666910757,50.30145927012788,79.33617489832591,54.736179865199105,20.041970496516292,0.00011154654288247912,True,830096ad8a19f7747aedee39b7e11bf42ba782f5e10bd32e865e7d8a7289b495
eager,4,fp32,4000,36.311672652975936,56.32870655627619,37.476051433196744,59.57282550052446,38.62433967247142,12.041316538893359,30.33968975594724,46.82639004794716,50.30103264896746,79.33617489832591,54.736179865199105,20.040897765342727,-8.102114954056105e-05,True,8b452f5e00f659d85af17a533b381c3470487482142149dda5050644583fc1f3
eager,8,fp32,4000,36.31174365470144,56.328688435356646,37.47604136094066,59.5729381943139,38.624320138787596,12.04131436267278,30.33968975594724,46.82639004794716,50.30103264896746,79.33617489832591,54.736179865199105,20.040897765342727,-1.0019424038887337e-05,True,3346be132c649f686871347debcd2cb23f614c02555e54dc78dfd3a059981b92
graph,1,fp32,4000,36.31175367412548,56.32869723623971,37.47605132407134,59.57292145833096,38.624339354578076,12.041317622735654,30.33968975594724,46.82639004794716,50.30103264896746,79.33617489832591,54.736179865199105,20.040897765342727,0.0,True,78d2a6fe087313dbf70bfb17d8673c37636e594000f15dcf8bf4dd1bdbaba924
graph,2,fp32,4000,36.31186522066836,56.32870400364364,37.47605345168511,59.57292074627142,38.62433878504851,12.041407024600908,30.33968975594724,46.82681666910757,50.30145927012788,79.33617489832591,54.736179865199105,20.041970496516292,0.00011154654288247912,True,830096ad8a19f7747aedee39b7e11bf42ba782f5e10bd32e865e7d8a7289b495
graph,4,fp32,4000,36.311672652975936,56.32870655627619,37.476051433196744,59.57282550052446,38.62433967247142,12.041316538893359,30.33968975594724,46.82639004794716,50.30103264896746,79.33617489832591,54.736179865199105,20.040897765342727,-8.102114954056105e-05,True,8b452f5e00f659d85af17a533b381c3470487482142149dda5050644583fc1f3
graph,8,fp32,4000,36.31174365470144,56.328688435356646,37.47604136094066,59.5729381943139,38.624320138787596,12.04131436267278,30.33968975594724,46.82639004794716,50.30103264896746,79.33617489832591,54.736179865199105,20.040897765342727,-1.0019424038887337e-05,True,3346be132c649f686871347debcd2cb23f614c02555e54dc78dfd3a059981b92
compile,1,fp32,4000,36.31175398232967,56.32869910148178,37.47604153313592,59.572924280087626,38.624355454914564,12.041355601450679,30.33968975594724,46.826404874183666,50.30104747520397,79.33617489832591,54.73622282052556,20.040897765342727,3.082041928337276e-07,True,a5cff08d63190b020b2b31793575359ff34c0d15c0bdd2a27199a62aa2e59256
compile,2,fp32,4000,36.31174504965092,56.32869870863505,37.47604959833369,59.57290265916221,38.62433900735689,12.041314778859897,30.33968975594724,46.82639004794716,50.30103264896746,79.33617489832591,54.736179865199105,20.040897765342727,-8.624474553187156e-06,True,148e8714d7954f0ad2cbbe133b00f4076278f01c72b40dc66cc63b9935d31d46
compile,4,fp32,4000,36.31174353575537,56.328695024798,37.47604027676868,59.572922750012715,38.62434008173293,12.041355200852106,30.33968975594724,46.82639004794716,50.30103264896746,79.33617489832591,54.736179865199105,20.040897765342727,-1.0138370107881656e-05,True,8a88c5af2f54c5bb97826db089dd0a9470f36b119357e781bbd7377dd79c5b46
compile,8,fp32,4000,36.31174735499262,56.328702578378866,37.476050739771495,59.57290058146902,38.62433964881131,12.041317471239733,30.33968975594724,46.82639004794716,50.30103264896746,79.33617489832591,54.736179865199105,20.040897765342727,-6.319132857868226e-06,True,5885ebe8ba191850ba23a83c855698e16ca5c5d5949f2b1eb30a0aa1bd7c089e
