run_id,policy,arrival_type,rate_multiplier,trace_seed,completed_requests,completed_batches,request_events_sha256,request_preprocess_p50_ms,request_cpu_queue_p50_ms,request_ready_queue_p50_ms,request_latency_p50_ms,batch_mean_valid_count,batch_pack_p50_ms,batch_h2d_p50_ms,batch_forward_p50_ms,batch_d2h_p50_ms,batch_postprocess_p50_ms,batch_submit_host_p50_ms
v2_A0_burst_rho0.9_seed17-20261009T042449-1763cd95,A0,burst,0.9,17,9237,2400,5dfb7d90efc69804bd9144dae15c76b51b6bcfdbf273bda8f49aaa67219476da,30.854565,249.2502,49.480784,450.456993,3.84875,9.4492705,1.3446879982948303,23.0150089263916,0.0099200000986456,4.49784,11.125916
v2_A0_burst_rho0.9_seed2026-20261009T043602-527121fc,A0,burst,0.9,2026,8949,2341,f742c68ca00f8438861e9b5b6cd4589fdb4020302862a68e0543930f28045ef9,31.075812,244.263765,52.978293,442.679084,3.822725331055105,9.285823,1.3392959833145142,23.1243839263916,0.0098559996113181,4.345646,11.00269
v2_A0_burst_rho0.9_seed42-20261010T114429-dd832f15,A0,burst,0.9,42,9112,2359,71aa5ac238a70f25166b21b524b8028450862cf3c00fc585ead64f7a737d7fd9,31.302832,249.30778600000002,93.13137649999999,473.928135,3.8626536668079696,9.41406,1.3523520231246948,23.02758407592773,0.0097599998116493,4.574516,11.2256
v2_A0_burst_rho1.1_seed17-20261009T162411-e4a98ab3,A0,burst,1.1,17,9620,2405,73dcb698856eff7ada37024407e5696b508873684c2c9349fbc4861c72a760e9,33.293034500000005,306.65704949999997,2398.8852575,2788.762108,4.0,9.845091,1.3478399515151978,23.13785552978516,0.0100480001419782,4.549233,11.586092
v2_A0_burst_rho1.1_seed2026-20261009T154759-a2fec172,A0,burst,1.1,2026,9674,2419,48ecae428dd4da42ed4cb3038dffc8f21c070d0e1b60a674594529033d6e5282,32.3579845,300.28818349999995,2355.7011895,2760.6161060000004,4.0,10.544491,1.3363840579986572,23.10915184020996,0.0101119996979832,4.06128,12.202245
v2_A0_burst_rho1.1_seed42-20261010T121940-939f3254,A0,burst,1.1,42,9429,2358,96831625405a78f274d0492ae2ca69ba967a877eb1cc134c23d9a2699b820aed,33.398756,298.633939,2481.68195,2854.701693,4.0,10.1860045,1.3582559823989868,23.038832664489746,0.0097599998116493,4.8183385,12.0907695
v2_A0_poisson_rho0.9_seed17-20261010T133911-5c8de013,A0,poisson,0.9,17,9260,2644,5055fdbfdfb387924c5f93b77a29d22c17c95f238ccfef6e6bdcc2abc914ce1c,39.561143,8.341556,21.004540499999997,120.7542945,3.5034039334341904,9.344551,1.3671199679374695,23.251855850219727,0.0098240002989768,4.3908305,10.9843785
v2_A0_poisson_rho0.9_seed2026-20261009T144459-9ea553a7,A0,poisson,0.9,2026,8932,2830,61c1c8f1247d795b5c998268c23172ce91e64e4c5f35f34f6200272bf0067b8d,39.866125,6.5310255,16.1743635,111.0973585,3.1572438162544167,8.593731,1.3154239654541016,23.235983848571777,0.0095359999686479,3.9062605,9.8243455
v2_A0_poisson_rho0.9_seed42-20261009T143231-a340e292,A0,poisson,0.9,42,9121,2821,324cdbd18bb08297642be39c3d782354008bdab18a02600b72c1471d39095915,39.464878,6.829177,17.452531,112.321892,3.2332506203473947,8.849992,1.323423981666565,23.03046417236328,0.0095680002123117,3.950902,10.09206
v2_A0_poisson_rho1.1_seed17-20261009T164703-240ac4a5,A0,poisson,1.1,17,10274,2571,976d73fa9d8bd8fd8113ff2ba12feccdc35a0e61683c931c16e34719b39015db,37.620487499999996,9.182045500000001,2864.462089,2959.5776015,4.0,9.518101,1.3542720079421997,23.14579200744629,0.0101119996979832,3.977349,10.887051
v2_A0_poisson_rho1.1_seed2026-20261009T045353-43a813d6,A0,poisson,1.1,2026,10184,2550,66a61248ae92fe4edebb4d3000f9bd0416fb71c2b823024914106110b75c5fae,38.2924115,11.699739000000001,2864.437874,2964.1692544999996,3.999607843137255,10.4062555,1.389311969280243,23.236528396606445,0.0099520003423094,4.2901145,12.046175999999999
v2_A0_poisson_rho1.1_seed42-20261010T120951-18115570,A0,poisson,1.1,42,9902,2479,a259fa9a8ff0d2cd9f131d68dbd3d563fc505a391806429a89e1302454c90877,39.498925,12.940388,2970.4017055,3070.6787525,4.0,11.109104,1.393280029296875,23.09779167175293,0.0100159998983144,4.383367,12.949708
v2_C0_burst_rho0.3_seed17-20261009T054632-9251569f,C0,burst,0.3,17,3122,492,978e6d9dbb43977beb7c558ad4159274d89b42bc506332a88f5570e7a05a95ca,42.4436515,59.090726000000004,73.6458265,251.37674600000003,6.345528455284553,12.268595000000001,2.5340319871902466,33.78508949279785,0.0157120004296302,2.478528,32.981718
v2_C0_burst_rho0.3_seed2026-20261009T050226-7524cc80,C0,burst,0.3,2026,3017,553,855ee89b185017c46a9e0c57b5a7ff6ddb1a8f0fd22cd6056f604534a26fe319,41.076986,39.321819,26.480432,179.088881,5.455696202531645,10.623394,2.524672031402588,33.39411163330078,0.0152639998123049,1.782005,28.167151
v2_C0_burst_rho0.3_seed42-20261010T113948-e133da3f,C0,burst,0.3,42,3006,490,38923a97d0f2e03631178e4a8e5695c3d8e219e8e1c7b6cf615a765d3b99f726,43.544568,55.389367500000006,54.4207935,230.5874635,6.134693877551021,12.2170535,2.5390079021453857,33.44051170349121,0.0156479999423027,2.3724790000000002,33.820817500000004
v2_C0_burst_rho0.6_seed17-20261009T161709-b513f348,C0,burst,0.6,17,6213,876,b714e5b3b08ca207b76596566115872936bb2ae239a20c762ebe38c659e19cd9,31.827761,133.617274,96.809956,351.8459,7.092465753424658,11.769299,2.5298240184783936,33.367279052734375,0.0154560003429651,2.1388505,29.6212545
v2_C0_burst_rho0.6_seed2026-20261009T040626-9daa052d,C0,burst,0.6,2026,5921,844,dd0b25ec1a9b8a2f4bf9da0de129f95a7170743ca57ea34a7fe5a0eef7680daa,33.957823,132.878004,88.885752,342.976944,7.015402843601896,11.821441,2.5298240184783936,33.421024322509766,0.0151040004566311,2.127439,30.201044000000003
v2_C0_burst_rho0.6_seed42-20261010T130953-e7f2770e,C0,burst,0.6,42,6158,860,227e30a51836ee9540b02a36dd971ca6d22b7e2e0bbb901e82c60a715d76c4c3,34.756108,150.8941335,140.190613,410.99418249999997,7.160465116279069,11.320359,2.532304048538208,33.42643165588379,0.0152319995686411,2.175261,29.067951
v2_C0_burst_rho0.9_seed17-20261009T042603-40406802,C0,burst,0.9,17,9237,1222,c5bcae4b1c367782d03dad38a003625c1c751a15dcb49dc6c563831d68cad6eb,29.106646,230.797274,178.257861,540.78612,7.561374795417349,13.6471105,2.5341440439224243,33.763153076171875,0.0149760004132986,2.3218664999999996,31.575754500000002
v2_C0_burst_rho0.9_seed2026-20261009T044119-4d597f07,C0,burst,0.9,2026,8949,1183,a0bde2d7b052a9c22c13588388c60296ce8963f2ab65fd1a05cf7e40a64e60c3,30.774714,238.446505,223.160387,588.845909,7.564666103127641,13.67767,2.5309760570526123,33.77436828613281,0.0150399999693036,2.446729,30.500611
v2_C0_burst_rho0.9_seed42-20261010T115110-516bb814,C0,burst,0.9,42,9112,1198,2278c35ac07691be85dfb5552e1764f10b41ce140a9cc7007bb92784ed653733,30.0308465,235.08473049999998,228.6952545,600.318749,7.606010016694491,12.4907755,2.533936023712158,33.427663803100586,0.0150720002129673,2.292256,31.540949
v2_C0_burst_rho1.1_seed17-20261009T163141-1cbdf145,C0,burst,1.1,17,10965,1371,2debd8bec37737f9ace1c26c11d1c687ed18c2af600c943f4fa9246079a2137c,27.003574,281.093413,1796.58306,2179.98049,8.0,14.503447,2.536832094192505,33.445343017578125,0.0153280002996325,2.911568,32.711432
v2_C0_burst_rho1.1_seed2026-20261009T153817-fed8a701,C0,burst,1.1,2026,10722,1341,e241cee7b25c3c90e7bcb0bb645a43a5132d7d75f1a57d8e7c0927f2ff823463,27.7438875,284.67292050000003,1775.354564,2192.587289,7.997017151379567,14.586768,2.535167932510376,33.475521087646484,0.0152960000559687,2.872743,33.037186
v2_C0_burst_rho1.1_seed42-20261010T123104-f36d9d84,C0,burst,1.1,42,10639,1330,f4145f1358452d1b85c3951a96b4ec87fb424a9e3fb5bad1a4044285ad7a5220,28.320128,285.067527,1885.97363,2319.486232,8.0,13.943336,2.5455360412597656,33.738895416259766,0.0150399999693036,2.9883905,33.174317
v2_C0_periodic_rho0.3_seed17-20261009T152411-45041507,C0,periodic,0.3,17,3016,2907,5826cd953cd46146474ede017a0e470096f831a0b34d028dbdb6eb2b1738e690,37.236991,3.166595,0.1579355,57.600286999999994,1.0374957000343996,1.152809,0.3425279855728149,10.39798355102539,0.0469760000705719,0.649789,12.161011
v2_C0_periodic_rho0.3_seed2026-20261010T132248-57dc8ec2,C0,periodic,0.3,2026,3016,2954,80a995a263ca0f7f9a727ff6b2bf7635e1363959ec071a27c56fa9981e12cea9,39.4127805,3.558892,0.1755255,61.5488705,1.020988490182803,1.2023645,0.3431679904460907,11.436800003051758,0.0534400008618831,0.677161,13.3797785
v2_C0_periodic_rho0.3_seed42-20261009T054406-baaaa908,C0,periodic,0.3,42,3016,2870,84ffc88df1552267bde90bfce8f10ec30f90f3ffe6d41f5682a8e4b306901b31,40.443753,3.45707,0.1876585,62.551756,1.0508710801393728,1.2064205000000001,0.3413760066032409,11.346144199371338,0.0520000010728836,0.658432,13.1658575
v2_C0_periodic_rho0.6_seed17-20261009T155915-0d36e0df,C0,periodic,0.6,17,6032,2089,100a64b82226ebc1a2eed429f2e50fe6c87beac8de003f1be0517cc37db8b29d,44.1883665,14.3902565,13.487216,115.5114015,2.88750598372427,6.592842,1.285375952720642,18.995136260986328,0.0100480001419782,1.308766,25.534564
v2_C0_periodic_rho0.6_seed2026-20261009T051723-2d4c2c75,C0,periodic,0.6,2026,6032,2583,e843b48576567163b7c70128cc2424c81d9d24fdbc523cae564ad9e644f00a99,43.4719275,11.894409499999998,10.756086,100.763953,2.3364305071622145,3.798488,0.7534400224685669,18.08892822265625,0.0472639985382556,1.084127,20.539205
v2_C0_periodic_rho0.6_seed42-20261009T141818-7c8feb49,C0,periodic,0.6,42,6032,2180,58abd2932e8748ab71bfd3ccbec23cd1c879ef2f2f92511ffe83f755a3e49222,44.282651,13.632328,11.601787999999999,109.5973045,2.768348623853211,5.7375240000000005,1.28329598903656,18.841951370239258,0.0100480001419782,1.287645,24.624872
v2_C0_periodic_rho0.9_seed17-20261010T120303-677d945c,C0,periodic,0.9,17,9048,1366,a5be95df94be0bb39c18341c3c229d5c3ee39eb023b9daa2e3eb895b76fa78d3,41.474924,25.702937,138.2938335,309.9966945,6.628843338213763,18.303037,2.618720054626465,33.67884826660156,0.0149440001696348,3.1861675,36.026564
v2_C0_periodic_rho0.9_seed2026-20261010T123537-16f45249,C0,periodic,0.9,2026,8926,1147,5d99cbcb3c35b1173cfe7b07c537c3e730954f9f4880399486b41c02eaa48e2f,42.407188000000005,35.452440499999994,1329.749294,1495.6849505,7.7872711421098515,22.346694,2.6777279376983643,33.6814079284668,0.0149760004132986,3.908755,45.1661
v2_C0_periodic_rho0.9_seed42-20261009T141347-8c931033,C0,periodic,0.9,42,9048,1366,4db64b7b35670ecbcefb928ced3d3eee6ea52740b1f55b50924545c8c04f8919,41.1588595,25.4121745,139.274521,317.5245545,6.626647144948755,17.1528565,2.603071928024292,33.39627265930176,0.0152000002562999,2.903543,33.3740985
v2_C0_periodic_rho1.1_seed17-20261010T124758-c0183e16,C0,periodic,1.1,17,9093,1137,21ef71c2fa74b94f3bf5606cc071eb8ccb0875158fa52e42228fc757029fe206,42.505101,32.781132,3188.657356,3372.027798,8.0,23.619913,2.572000026702881,33.59059143066406,0.0149440001696348,3.463763,44.234109
v2_C0_periodic_rho1.1_seed2026-20261009T145411-4b322084,C0,periodic,1.1,2026,10880,1475,46bd2092b5eaea9369725420ef09d180e5033f2498b390e74ba7cbace6dd5ade,35.234634,22.344968,406.397008,559.189295,7.376949152542373,16.915324,2.5910720825195312,34.01686477661133,0.0152319995686411,2.920164,29.86293
v2_C0_periodic_rho1.1_seed42-20261009T041859-b7a600cd,C0,periodic,1.1,42,9628,1204,2be2ad01bce54eb4a951f4436d5453039d1521b03ce778764c718a6f69cd6493,40.341625,31.547385,2928.356625,3094.39391,7.998338870431894,22.1579305,2.6228320598602295,33.723262786865234,0.0148160001263022,3.5204060000000004,42.700155
v2_C0_poisson_rho0.3_seed17-20261009T151301-1d3fe222,C0,poisson,0.3,17,3123,2466,2aef1c2985653b1a45f351f994d411383b2adc607f8109a99693ccea239b6ece,40.930145,3.282546,3.102365,68.616915,1.2664233576642336,1.260504,0.3468959927558899,11.088479995727539,0.0445760004222393,0.6720735,12.687584999999999
v2_C0_poisson_rho0.3_seed2026-20261009T153522-6fbe2a32,C0,poisson,0.3,2026,3013,2249,39708bf6d06690eea0eac2ef8b5bd5c76160b291eab850027c78cfd2d3055712,41.117885,4.064654,4.527979,73.14167,1.3397065362383282,1.337773,0.3499839901924133,11.928192138671877,0.0504000000655651,0.744046,14.17924
v2_C0_poisson_rho0.3_seed42-20261009T160501-0d7572a3,C0,poisson,0.3,42,2990,2201,e0bb8c292c9664bfd136e4e547afb6f98b84c3cb9714e8d18c7ffcd139728f3f,40.6079535,3.8454785,4.4579515,72.234409,1.3584734211721945,1.475658,0.3515520095825195,11.945055961608888,0.0485440008342266,0.695914,14.213992
v2_C0_poisson_rho0.6_seed17-20261010T125522-b1fdd49d,C0,poisson,0.6,17,6220,2604,c77a3037f7b909e2dae2dcd8c7b1b6f7552b60685cccf592f719b9de1968c56c,43.3459795,10.547244,8.9563795,103.64854500000001,2.3890168970814134,3.3242155,0.6599200069904327,16.428512573242188,0.0148000000044703,0.874498,17.9397285
v2_C0_poisson_rho0.6_seed2026-20261009T060710-0867146a,C0,poisson,0.6,2026,5919,2819,c527993a61580c97ec0ade8601566fb5b378ed78e7a4909af34ba7980d8d1683,43.792464,9.328399,8.119436,97.436867,2.0996807378503015,2.494499,0.6516799926757812,13.30457592010498,0.0150079997256398,0.781558,15.919351
v2_C0_poisson_rho0.6_seed42-20261009T052315-b4f98ea5,C0,poisson,0.6,42,6150,2808,bc5beccf27e9a1ad2d00176f2633f9611eef5fbe54c294d4dad94ffacdbe3fbe,43.491546,9.739982,8.348850500000001,99.024831,2.1905270655270654,2.5603295,0.6511199772357941,12.970655918121338,0.0104639995843172,0.759068,15.5084875
v2_C0_poisson_rho0.9_seed17-20261010T133151-27ba08de,C0,poisson,0.9,17,9214,1245,26f109d3679fea129b577213a1c544abb5d12dad248ef5e97449e45b643f9b02,40.150626,32.0257145,760.9742025,928.9560015,7.400803212851406,18.08387,2.623231887817383,33.71926498413086,0.0149760004132986,3.400853,37.252134
v2_C0_poisson_rho0.9_seed2026-20261009T144614-34f4d83e,C0,poisson,0.9,2026,8932,1758,46a6f0ffcec04ba81267ab337d7d366ccf2839c746cf7ac5ddeef117fd962938,39.960761500000004,21.042268,23.8452315,152.1151285,5.080773606370876,11.8774765,2.5326240062713623,33.34939193725586,0.0151359997689723,2.024666,27.642373499999998
v2_C0_poisson_rho0.9_seed42-20261009T142759-23170a11,C0,poisson,0.9,42,9121,1511,23d3b3cba56ef9d4dc77af81e694a7180f8eadbcf1c307eca8795f2894b9e7d6,39.56205,26.441512,42.238198,194.704127,6.036399735274652,15.064511,2.553663969039917,33.35615921020508,0.0152319995686411,2.555568,31.528341
v2_C0_poisson_rho1.1_seed17-20261009T163835-cbd9c72e,C0,poisson,1.1,17,10202,1276,0573465921a6fcd0c2d0d28885d4d151a069425ac8d46d30b4d5fd9c2829e719,37.304758,34.967614999999995,2640.091837,2803.6190975,7.9992163009404385,18.687824499999998,2.6034239530563354,33.668575286865234,0.0152960000559687,3.2565150000000003,38.234286
v2_C0_poisson_rho1.1_seed2026-20261009T044832-812e1698,C0,poisson,1.1,2026,10707,1384,2f12fdda7b1241255aa1672bca84990948cd43631967689423873db27cea9c18,35.514948,29.231415,955.989462,1137.209951,7.736271676300578,16.69896,2.606495976448059,33.81273651123047,0.0149440001696348,2.9098425,33.4520075
v2_C0_poisson_rho1.1_seed42-20261010T121109-d97d03a2,C0,poisson,1.1,42,10311,1290,4b8682a2cbca9f7333a00ed6acc5dd57513673814a82c6b521827b48f27082e4,37.095315,34.302812,2080.244763,2213.663739,7.997674418604651,19.00989,2.567327976226806,33.87102508544922,0.0149760004132986,3.0703635,37.347368
v2_D0_burst_rho0.3_seed17-20261009T054745-7eccf955,D0,burst,0.3,17,3122,3014,3397d882ba47314810192d0bcbb0d7b3605fd688004e76f1cd609847546a5356,41.255304499999994,41.173323999999994,89.2599755,204.900353,1.0358327803583278,2.0246899999999997,0.3745280057191849,8.652192115783691,0.0055999998003244,1.1809215000000002,2.7713859999999997
v2_D0_burst_rho0.3_seed2026-20261009T051057-485778d3,D0,burst,0.3,2026,3017,2904,cc7a4a7c2863c5078af9221f07ebea1e15e4865495c9cbbcf63ad37a8a46c84a,41.853381,33.488169,73.525281,180.471127,1.0389118457300275,2.0222160000000002,0.3754560053348541,8.563936233520508,0.0055999998003244,1.1884065000000001,2.7678649999999996
v2_D0_burst_rho0.3_seed42-20261009T164821-239ae293,D0,burst,0.3,42,3006,2872,81164791e20bc948509cd92cb8abc4855a51ecf56fa6fde9f2c56196d6427ea3,40.771564999999995,30.7222765,80.557923,184.81012950000002,1.0466573816155988,2.0498985000000003,0.3743840008974075,8.564496040344238,0.0055040000006556,1.1959689999999998,2.806047
v2_D0_burst_rho0.6_seed17-20261009T162007-e140d185,D0,burst,0.6,17,6213,6213,e7f488800013e0cd023a91385ed09f4dfe02ba87ca49ca5b16729ac54e5eed69,36.307153,161.914447,1603.396867,1813.958071,1.0,1.992582,0.3700160086154938,8.570143699645996,0.0055359997786581,1.166434,2.733021
v2_D0_burst_rho0.6_seed2026-20261009T040911-4b997e55,D0,burst,0.6,2026,5921,5846,90d2a5d0544367901bca15a0323ff4a1a082d35a2c7871f69fc769df4b1fbe6d,34.998602,140.433827,262.250972,471.228949,1.0128292849811837,1.8662585,0.3712640106678009,8.565823554992676,0.0055999998003244,1.151436,2.5899555000000003
v2_D0_burst_rho0.6_seed42-20261010T131337-6bf4eafa,D0,burst,0.6,42,6158,6144,16cd59aca8c5c59d3a87b112cca5160731d6b77e35105f2a254ad7b0f97f87c1,34.7735845,148.0627425,688.4772505000001,888.0298415,1.0022786458333333,1.9205485,0.376800000667572,8.567855834960938,0.0055359997786581,1.218871,2.685329
v2_D0_burst_rho0.9_seed17-20261009T042332-89aea766,D0,burst,0.9,17,5883,5883,7feda296bc7dcd1db03f46e3978b02a7ff4af8b9f4a36502a32196d2df6d0d31,40.331589,207.365172,4522.25879,4796.915978,1.0,2.099115,0.3665600121021271,8.659808158874512,0.0055999998003244,1.019457,2.96349
v2_D0_burst_rho0.9_seed2026-20261009T044001-f3db8942,D0,burst,0.9,2026,5720,5720,c83f57199a90c89f8fa83c7e4f66e5dfd47f8f2070860f8502ebc2a4ae9cc2fe,41.865379000000004,204.5936645,4673.5142915,4917.891275,1.0,2.142941,0.367711991071701,8.58995246887207,0.0055999998003244,1.072327,3.015716
v2_D0_burst_rho0.9_seed42-20261010T114819-1e36fb9c,D0,burst,0.9,42,5896,5896,aa9377a0c4a8abcb2c2b60e94a16aa07aad4bee4da327e287d1469db84a68b63,40.4123745,203.8824,4503.658977,4790.518711000001,1.0,2.2962965,0.3672319948673248,8.568639755249023,0.0055359997786581,1.0679015,3.1618295
v2_D0_burst_rho1.1_seed17-20261009T162843-0b39093a,D0,burst,1.1,17,5944,5944,a7451c863b4506239cbb355053d2cc6b6a442148b57ec9174fb1304bad44f806,40.027988,219.03746999999998,4494.283148,4769.1356025000005,1.0,2.311973,0.3632639944553375,8.56719970703125,0.0055359997786581,1.0111445,3.1524004999999997
v2_D0_burst_rho1.1_seed2026-20261009T154222-1b65d991,D0,burst,1.1,2026,5904,5904,46b3baac2bd4754520053e379224bd7f036b517830890d88e0efc8733c7cb95e,40.0452455,215.6737935,4500.336868,4793.369866,1.0,2.212381,0.3642399907112121,8.566656112670898,0.0055359997786581,1.022168,3.0437934999999996
v2_D0_burst_rho1.1_seed42-20261010T122215-fb4888b8,D0,burst,1.1,42,5872,5872,f3b23aa7c37547f70d9765fba8f44e0863b432e449fe84d866da9ddb27811807,40.801533500000005,217.373158,4513.959467500001,4813.4835,1.0,2.0147915000000003,0.3664959967136383,8.568079948425293,0.0055040000006556,1.0532555000000001,2.787605
v2_D0_periodic_rho0.3_seed17-20261009T151415-f4dc68f7,D0,periodic,0.3,17,3016,3009,b49ceffbe7468e248050b8e2e95dc8ed3ae0d50f7ee038e872a3a8f9ab014080,38.861541,0.37735050000000003,1.1783839999999999,54.714423,1.0023263542705219,2.037312,0.3824320137500763,8.547327995300293,0.005375999957323,1.395104,2.851737
v2_D0_periodic_rho0.3_seed2026-20261010T131750-0700ae2f,D0,periodic,0.3,2026,3016,2999,86c9e0c0abadb9ce81a93537b2f436f80fd8a08e59bf053ceda6c1078524e06f,37.8589445,0.4614015,1.1874055000000001,53.5988375,1.005668556185395,2.039303,0.3902719914913177,8.532064437866211,0.0053440001793205,1.42492,2.907211
v2_D0_periodic_rho0.3_seed42-20261009T053720-d37d0737,D0,periodic,0.3,42,3016,3004,b753de67a7c7a99c35e28a17e55cd9db2c178bbde4903a43ba2decccdf1e3899,36.922628,0.394126,1.18177,52.212045,1.003994673768309,2.0491875,0.382752001285553,8.548848152160645,0.005375999957323,1.3611705,2.8875615000000003
v2_D0_periodic_rho0.6_seed17-20261009T155801-a36917a1,D0,periodic,0.6,17,6032,5728,0055a21a6121ed5314706633ffb122a2e59101c3de194b49b62829f261cc760e,42.6978535,1.376716,1.848353,64.7631915,1.053072625698324,2.2539805,0.3973440080881119,8.562944412231445,0.0054399999789893,1.597224,3.4011585
v2_D0_periodic_rho0.6_seed2026-20261009T051210-60930fcd,D0,periodic,0.6,2026,6032,5684,f7f4b5baa873d8343c70f3f30b1c44c9b0869fd042b3ee55b87af7a9347d5615,40.872038,1.1651015,1.6337579999999998,62.343911500000004,1.0612244897959184,2.138034,0.3916960060596466,8.56272029876709,0.0055040000006556,1.52467,3.24163
v2_D0_periodic_rho0.6_seed42-20261009T142345-b9f51d01,D0,periodic,0.6,42,6032,5756,fcf120866f56c0958d75e1326d81e006430ca0376216c1a3722e91f6e1c9ebc9,41.6319345,1.3063945,1.742816,63.2768065,1.0479499652536484,2.159987,0.39233599603176117,8.55998420715332,0.0054399999789893,1.6250865,3.3175615
v2_D0_periodic_rho0.9_seed17-20261010T120010-302c08dc,D0,periodic,0.9,17,6744,6744,94b7e96a23dbfb83487c1d92b8bd34a3ea3b327dfb22ab17794d8112fa6f6f6b,47.325196500000004,3.4523475,4453.591893000001,4521.755226,1.0,2.4403680000000003,0.3966239988803863,8.573823928833008,0.0055680000223219,1.4834640000000001,3.634174
v2_D0_periodic_rho0.9_seed2026-20261010T123838-e706ddd1,D0,periodic,0.9,2026,6624,6624,b4a98658eaa4cfce3bdb82d9cc9cb1f49911c516fb5b6e5e31d990c29b753bd5,47.5479775,3.998832,4560.0429225,4629.4452045,1.0,2.5538255,0.4051200002431869,8.667391777038574,0.0055359997786581,1.5558435,3.800646
v2_D0_periodic_rho0.9_seed42-20261009T140510-78a91eef,D0,periodic,0.9,42,6878,6878,76365e60b0641875feb83f8bcf2f0ff5d7b4aa57e5a31fd9e6e69569c168724b,46.1433385,2.910673,4404.0490555,4469.88423,1.0,2.4421225,0.3790239989757538,8.56713581085205,0.0055680000223219,1.3886915,3.505821
v2_D0_periodic_rho1.1_seed17-20261010T125403-578c4cfe,D0,periodic,1.1,17,6708,6708,1b3ac10c9e82c476826043dfcc6dba22cf5c93db6040dc5c587fbbe36dd1dae0,47.178698,3.6704185000000003,4476.634546,4545.0076085,1.0,2.3655999999999997,0.3918080031871795,8.573311805725098,0.0055680000223219,1.5053425,3.5708909999999996
v2_D0_periodic_rho1.1_seed2026-20261009T145710-fe783759,D0,periodic,1.1,2026,6777,6777,b867ee370bcf4c2df4ca6b2c17c55fa6883d3cddcf4d390f48785c4fa88ea232,46.673101,3.261607,4450.911613,4517.631623,1.0,2.615332,0.378847986459732,8.566944122314453,0.0055680000223219,1.354525,3.605577
v2_D0_periodic_rho1.1_seed42-20261009T041741-b372f057,D0,periodic,1.1,42,6770,6770,cb590af823d8ca153e052291fd2959781d0c9614f16144920b0678bfbf8cbaf9,46.9040235,3.8114435,4440.6680639999995,4508.6410295000005,1.0,2.337364,0.3902720063924789,8.56991958618164,0.0055999998003244,1.486766,3.5690025
v2_D0_poisson_rho0.3_seed17-20261009T150305-300f38d7,D0,poisson,0.3,17,3123,2990,3dc36b2b216a422631ffddabb9f3ae91eb65b7b061b9fbe891b19534b5609fab,41.309103,0.379606,1.205614,59.44341,1.0444816053511705,2.057066,0.3834559917449951,8.53329610824585,0.0053440001793205,1.3714415,2.915498
v2_D0_poisson_rho0.3_seed2026-20261009T152526-899657cb,D0,poisson,0.3,2026,3013,2862,93cd8b00f782f4aa8669fe07fe156d47d8081abd31a8c033d1c7427b7a5eff1c,40.830558,0.378467,1.212078,59.385011,1.0527603074772887,2.06464,0.3838079869747162,8.548352241516113,0.005375999957323,1.3748745,2.932363
v2_D0_poisson_rho0.3_seed42-20261009T160913-c618f4c0,D0,poisson,0.3,42,2990,2814,cb39703a8e65915fabe9abd5a31fa9f28da9bfa3f8578392eb0564ec05ae5c89,41.9358015,0.394394,1.2186515,60.883886000000004,1.062544420753376,2.078462,0.38420799374580383,8.549279689788818,0.005375999957323,1.397072,2.958342
v2_D0_poisson_rho0.6_seed17-20261010T130108-f7523575,D0,poisson,0.6,17,6220,5409,415a548c67c98f4af7c8f3d59693c45546f8f670afc5389ab085ec91ae031053,43.8867515,2.2584720000000003,16.24032,88.95832250000001,1.149935293030135,2.335484,0.4232000112533569,8.570079803466797,0.0055040000006556,1.713836,3.642184
v2_D0_poisson_rho0.6_seed2026-20261009T055917-eafec980,D0,poisson,0.6,2026,5919,5082,85bf67dddf62b61b67028a5eb904aa993b0a94ab7cd6d6c157eb4396e6a2b706,43.439176,1.726375,6.741756,75.668115,1.1646989374262102,2.1742125,0.39567999541759485,8.568160057067871,0.0055999998003244,1.5698,3.3479495000000004
v2_D0_poisson_rho0.6_seed42-20261009T052657-548dad46,D0,poisson,0.6,42,6150,5171,f4d14257074f689662f00d5b4e41c0f00c30653ca38045d98404cf4518dc2cc3,42.367558,1.6776125,8.270675,76.62856199999999,1.1893250821891317,2.16994,0.4156480133533478,8.568384170532227,0.0055999998003244,1.528344,3.289578
v2_D0_poisson_rho0.9_seed17-20261010T134025-1b3c036e,D0,poisson,0.9,17,6526,6526,a9569e6f152b5265303312ec5fbd6e21ca63641713b3b6dfb9f5bd09d2ab2944,47.8670495,3.5397835,4616.942722,4688.01077,1.0,2.4151865,0.3899199962615967,8.553567886352539,0.0055359997786581,1.5014370000000001,3.596616
v2_D0_poisson_rho0.9_seed2026-20261009T144156-0ec077a7,D0,poisson,0.9,2026,6686,6686,d7d4dfd65662f12fdb52ce743a829885319196376aba11b67c47a82fc1757fd2,46.470055,3.0457505,4550.4178135,4618.159305499999,1.0,2.4256035000000002,0.3772479891777038,8.659135818481445,0.0055680000223219,1.344684,3.4132675
v2_D0_poisson_rho0.9_seed42-20261009T143346-420636e6,D0,poisson,0.9,42,6637,6637,d47b15699b8ee9b1e1afa1462b8c08ee4b7c22f41e447e0c5a0a1b63b94e1463,46.968289,3.158426,4535.05771,4603.472712,1.0,2.501502,0.3783360123634338,8.567456245422363,0.0055680000223219,1.366642,3.526001
v2_D0_poisson_rho1.1_seed17-20261009T163716-735034e2,D0,poisson,1.1,17,6604,6604,3475132e08836a7d8e2fb0d7d4c76d77cfaa12c26f24dc4396c082277463521f,46.8271995,3.2209365,4545.3154030000005,4613.2309045,1.0,2.3688975,0.38420799374580383,8.656895637512207,0.0055359997786581,1.470872,3.501442
v2_D0_poisson_rho1.1_seed2026-20261009T045955-1682cd2c,D0,poisson,1.1,2026,6699,6699,ea6b6a60e163ef17995c5898740d42b97640bbdb3f87f54166b21e5b34a88fd2,46.951139,3.09536,4502.18931,4570.793148,1.0,2.360816,0.3857600092887878,8.571104049682617,0.0055999998003244,1.408097,3.489734
v2_D0_poisson_rho1.1_seed42-20261010T121821-d6181406,D0,poisson,1.1,42,6476,6476,8ccdc0c815e29e16095f9644f831ceb98456f51efdae2687548e79dee1be3e62,47.793175,3.701947,4646.335749,4715.264214,1.0,2.424931,0.39854399859905243,8.663583755493164,0.0055359997786581,1.563035,3.702272
v2_E0_burst_rho0.3_seed17-20261009T054858-9b8b6617,E0,burst,0.3,17,1187,1187,69583ed7e8ce9c7d9036e52eed673755d59f7c5913919b90588412b877447945,28.980339,29619.62235,0.12121,29677.208295,1.0,1.063108,0.9088000059127808,25.42665672302246,0.0724160000681877,0.625053,27.707086
v2_E0_burst_rho0.3_seed2026-20261009T050804-b11788e7,E0,burst,0.3,2026,1225,1225,cc2dc7e8a2a28f033ca6e134b5698d0f828a9ceeafc3c63432e6447b7bed8617,28.154468,28907.877681,0.118331,28961.679534,1.0,1.011811,0.8952640295028687,24.934816360473636,0.070592001080513,0.610194,27.168402
v2_E0_burst_rho0.3_seed42-20261010T114102-ba413cf9,E0,burst,0.3,42,1181,1181,d22968b73833c52c940815d005400184efe7090589325eab359ce53616a55e71,29.028095,29509.717786,0.125625,29566.974875,1.0,1.057393,0.9025920033454896,25.512672424316406,0.0708480030298233,0.625202,27.77075
v2_E0_burst_rho0.6_seed17-20261009T161823-ecab2311,E0,burst,0.6,17,1060,1060,d7f6b76e8f5261712a72b5423c6ae286eb4ff97ccfe5276713c7c39035dd268d,28.562016,28985.1056995,0.12334149999999999,29038.8642995,1.0,1.0683605,0.9107359945774078,24.750815391540527,0.069472000002861,0.6325995,27.111699
v2_E0_burst_rho0.6_seed2026-20261009T041025-fb8d33eb,E0,burst,0.6,2026,1072,1072,ddfa9f35588d7fd9e1123a7662e26320067492a0ed45814b9c8cdeed00dca58b,27.980332500000003,27646.175305,0.1181415,27698.0517765,1.0,1.032566,0.8851360082626343,24.327839851379395,0.069920003414154,0.600549,26.555239999999998
v2_E0_burst_rho0.6_seed42-20261010T130809-be7e67dc,E0,burst,0.6,42,1033,1033,edc48cb0971b9012c87d1538cfbb5409ea51c088f2afbcaea88f62e434e81ba9,29.209656,30054.454469,0.123936,30116.414219,1.0,1.047636,0.8951680064201355,25.480255126953125,0.0716160014271736,0.6286,27.756974
v2_E0_burst_rho0.9_seed17-20261009T042717-4762dee1,E0,burst,0.9,17,1011,1011,7461c3a51a9b564b8900c563c3743d5c8412fb365fd2056ac362dd79d5ef8608,29.432709,30269.223637,0.122773,30325.853652,1.0,1.065494,0.8968639969825745,25.388032913208008,0.0722879990935325,0.621874,27.664332
v2_E0_burst_rho0.9_seed2026-20261009T044348-9826f49c,E0,burst,0.9,2026,1005,1005,fe1d852c6f5f5acc4debe5c8090e21e02c2175215ed4a37e0ea7d413b0614305,29.376351,30301.579305,0.121828,30361.068307,1.0,1.037654,0.9054719805717468,25.389535903930664,0.0717760026454925,0.611884,27.637736
v2_E0_burst_rho0.9_seed42-20261010T114246-72b3c3cd,E0,burst,0.9,42,990,990,bd6c7225dfcfd5e95d96cb88b42e4bb8771c9f749e27215964c68b1a461b197f,29.3776095,30502.9482145,0.125318,30562.785395,1.0,1.0697665,0.9189760088920592,25.690320014953613,0.0723199993371963,0.6276875,28.0144655
v2_E0_burst_rho1.1_seed17-20261009T163001-50806b3c,E0,burst,1.1,17,1222,1222,4dc91667cdf542ee3b7928a326f65538b1dcd2b29c6227409772d5584f733980,18.4939235,23307.219865,0.1187095,23351.037766,1.0,0.9683325,0.8248319923877716,19.29198455810547,0.0578880012035369,0.5454275,21.32695
v2_E0_burst_rho1.1_seed2026-20261009T154615-8a0f7b1d,E0,burst,1.1,2026,1268,1268,d278d4d7d625925fb961fd96e5b6d442a5ee4ae5e007fb111c3304b04be9127c,27.9357305,26946.490091,0.1205325,27001.9660925,1.0,1.012087,0.8883839845657349,24.872191429138184,0.069023996591568,0.6221045000000001,27.0825945
v2_E0_burst_rho1.1_seed42-20261010T122919-0308e53f,E0,burst,1.1,42,1000,1000,b7746417f0c887159359899b4dedd04ec03d29299346b3c5295dfa2c40bd80da,29.2488295,30483.6225005,0.1269725,30539.8605695,1.0,1.053972,0.8958399891853333,25.49510383605957,0.0717440024018287,0.641684,27.7698355
v2_E0_periodic_rho0.3_seed17-20261009T152115-8f6951f5,E0,periodic,0.3,17,1269,1269,e9f1013c4d5ba1a7b8d2c55a91abd327fd56f94e9a8a2007bcc5af79ed7bcea1,27.666004,28244.318705,0.118786,28299.445306,1.0,1.012977,0.8744000196456909,23.939775466918945,0.0674239993095398,0.607273,26.143823
v2_E0_periodic_rho0.3_seed2026-20261010T132402-b69f00d9,E0,periodic,0.3,2026,1189,1189,4b40310ae5de8ef198d498cbaf89d3bb1189599289d7ad31fbd993f361a7198b,29.182982,30116.105427,0.123156,30176.140507,1.0,1.068183,0.8994240164756775,25.506336212158203,0.0715200006961822,0.633457,27.790822
v2_E0_periodic_rho0.3_seed42-20261009T053423-e5ac95fa,E0,periodic,0.3,42,1223,1223,3557f3b3c80e1a0980062999d0cf1bce5978911e7729872e00d4b5409013ed79,28.754724,29454.859085,0.119433,29512.444169,1.0,1.030354,0.8768320083618164,24.47411155700684,0.0705600008368492,0.61148,26.719724
v2_E0_periodic_rho0.6_seed17-20261009T155030-961b57f3,E0,periodic,0.6,17,998,998,01ea6354078725b568fcc3d857432be715765a1c0f8d88afa42422cdce672eb3,29.433781,30531.542294,0.127049,30590.712645,1.0,1.036358,0.8859359920024872,25.059328079223633,0.0723199993371963,0.628558,27.323027500000002
v2_E0_periodic_rho0.6_seed2026-20261009T052019-333d6b5e,E0,periodic,0.6,2026,1088,1088,738daf8db85251aea80850be2f3d5bbca0f311606406709083f4fb4fcce1d0c8,27.421587000000002,28025.055652,0.118856,28079.292977999998,1.0,1.036723,0.8819679915904999,24.392528533935547,0.0698880031704902,0.6001965,26.632648
v2_E0_periodic_rho0.6_seed42-20261009T141634-773d9c56,E0,periodic,0.6,42,1044,1044,6c7af096675a5ee8d37ad6a448af4029fce0961824f45b8fdda89983d9c83af0,28.733729,29639.67223,0.1203175,29697.430155000002,1.0,1.0569074999999999,0.890175998210907,24.21907138824463,0.0692319981753826,0.626799,26.494743
v2_E0_periodic_rho0.9_seed17-20261010T115523-5ca27623,E0,periodic,0.9,17,992,992,006743ed1452892935117a324f35fdba920de0f8f428e07ca95090e1795de1b4,29.119880000000002,30739.316969,0.12583,30799.1756005,1.0,1.052537,0.8924480080604553,25.5807523727417,0.07179200276732439,0.6440945,27.8540975
v2_E0_periodic_rho0.9_seed2026-20261010T123654-5a3e846d,E0,periodic,0.9,2026,999,999,14b860748309f1f85b90376d4e5827bda2284d74df81f8d5bbe44531ef689862,29.423854,30755.501384,0.126398,30813.887269,1.0,1.056023,0.898144006729126,25.450912475585938,0.0719040036201477,0.63016,27.73422
v2_E0_periodic_rho0.9_seed42-20261009T141204-93c14b46,E0,periodic,0.9,42,1036,1036,0e0fdb8b0bc6bb0cf752b22311280bbcdfd486ed95c0fe91b0ebbfb3aa636a95,28.222353,29348.016925,0.121264,29402.302089999997,1.0,1.0231635,0.8788000047206879,25.013920783996582,0.0697600021958351,0.627285,27.230108
v2_E0_periodic_rho1.1_seed17-20261010T125034-9d9e1427,E0,periodic,1.1,17,957,957,f2d74e59acaf1be404ff8d3343586d0291d85651064a25d20f363c00f32cb2e4,29.481555,31436.11091,0.129241,31503.057515,1.0,1.060469,0.8925439715385437,26.2139835357666,0.074752002954483,0.655161,28.501168
v2_E0_periodic_rho1.1_seed2026-20261009T150121-ad8dcc34,E0,periodic,1.1,2026,1023,1023,e7d797c62638f267ba89d7a7b6cf742aa33f941a2a8801c4a67509cd2fc01c51,28.917451,30313.296277,0.119713,30369.523564,1.0,1.029668,0.8885120153427124,25.02767944335937,0.069983996450901,0.630368,27.256249
v2_E0_periodic_rho1.1_seed42-20261009T041557-76d7e68a,E0,periodic,1.1,42,1011,1011,8f663e7b28a1ab9085d9c3c8f9ad55fa4ab6c6d307837097c7f5caed58012a35,28.959358,30501.751043,0.122094,30567.088213,1.0,1.05314,0.9065920114517212,25.408191680908203,0.0723839998245239,0.623571,27.686073
v2_E0_poisson_rho0.3_seed17-20261009T151118-0ec2cc3d,E0,poisson,0.3,17,1225,1225,c3f4f0945cd48eafbcb2c1bc1acd73550b3eede8eb622d3d94dfd4fdcc1a342a,28.841684,29603.854474,0.117554,29658.798064,1.0,1.039019,0.8924800157546997,25.004928588867188,0.069472000002861,0.631743,27.229936
v2_E0_poisson_rho0.3_seed2026-20261009T152823-cec790f0,E0,poisson,0.3,2026,1272,1272,2fcd891397def74e49a50a783a44a3a132d3076694ac57c8bc08a9f1dd631f9a,28.826506000000002,29052.6200875,0.1199065,29110.389001,1.0,1.0493325,0.8938399851322174,24.948768615722653,0.0696960017085075,0.6261695,27.1630575
v2_E0_poisson_rho0.3_seed42-20261009T160030-78da0359,E0,poisson,0.3,42,1191,1191,5d620d82db4738ec41044576982c7f30849210b73a4c650a7de5fab6b70842be,28.854861,30055.682936,0.124509,30114.838146,1.0,1.046794,0.8653119802474976,25.13395118713379,0.0722559988498687,0.629078,27.389797
v2_E0_poisson_rho0.6_seed17-20261010T125751-5c410e2f,E0,poisson,0.6,17,1038,1038,95089b193aeba1b664fb762c2f65a467df5a9ff137bdd48126232ef7df9fa7d9,28.006842,29256.774540500002,0.1228515,29311.9633545,1.0,1.0622115,0.8509919941425323,25.23024082183838,0.0711999982595443,0.623938,27.442453
v2_E0_poisson_rho0.6_seed2026-20261009T140153-a11c9238,E0,poisson,0.6,2026,1043,1043,590d75ef934226086dc9432f104aa71b108d5d4687e6fbbee05108f088e0f97e,28.998701,29785.20317,0.121643,29842.015389,1.0,1.040446,0.901087999343872,25.21859169006348,0.0704640001058578,0.6347,27.470296
v2_E0_poisson_rho0.6_seed42-20261009T053108-24abd613,E0,poisson,0.6,42,1061,1061,d20a73b2bd335c3914ef6d6995234d72347db5b477262faac0dbf9b0e2b23f12,28.456844,28867.038243,0.119387,28920.347128,1.0,1.030485,0.8840000033378601,24.381696701049805,0.0706880018115043,0.607109,26.664451
v2_E0_poisson_rho0.9_seed17-20261010T133726-13b491c3,E0,poisson,0.9,17,995,995,56b4bf42012f154dc0820e20fb9370fdb849ef602c09359e720d7628b2d3cedb,29.3551,30885.765624,0.123899,30946.335101,1.0,1.053299,0.8884479999542236,25.426719665527344,0.0718720033764839,0.632728,27.711607
v2_E0_poisson_rho0.9_seed2026-20261009T144012-d2060d33,E0,poisson,0.9,2026,1014,1014,fc60259813e4676344c72399a919c0ca8e25c5bcde90ee4c2250be2524c391a7,29.1506015,30189.139984,0.1228155,30247.760540000003,1.0,1.0622820000000002,0.8956480026245117,25.188672065734863,0.0702399984002113,0.6404434999999999,27.446994
v2_E0_poisson_rho0.9_seed42-20261009T143046-9b65978b,E0,poisson,0.9,42,1007,1007,dc2fbc55225fe0a4b2375adf943cdb879bb5a1aba103c0ee108e052d78286dd9,29.311189,30668.272464,0.121222,30726.631778,1.0,1.058844,0.9010559916496276,25.212160110473636,0.0706560015678405,0.635808,27.485779
v2_E0_poisson_rho1.1_seed17-20261009T163532-a5b4b2a2,E0,poisson,1.1,17,1011,1011,ca3815e53a7f4ce0ff8f906f8fe23fa9177531ed2cb4110dd4cc792d02410b4b,29.402011,30495.094915,0.124226,30554.443457,1.0,1.052822,0.8971840143203735,25.157087326049805,0.0703359991312027,0.648018,27.428197
v2_E0_poisson_rho1.1_seed2026-20261009T045628-976e0c59,E0,poisson,1.1,2026,994,994,7e2d88f5c29c05998ec7ab1de29b2009fad33f182d62313eac415cab74d009ba,29.3981645,30729.634314,0.1234585,30787.204775,1.0,1.050961,0.8942719995975494,25.473872184753418,0.0722559988498687,0.626165,27.737914
v2_E0_poisson_rho1.1_seed42-20261010T120807-64a0ddc5,E0,poisson,1.1,42,962,962,6a1eed95eeef7881381f742cf236c786e94412594f101be5e5d4fa991f79d75d,29.648100499999998,31249.3111865,0.1305655,31310.575585500002,1.0,1.0585965000000002,0.8786080181598663,26.014528274536133,0.0733119994401931,0.656451,28.2580955
v2_E1_burst_rho0.3_seed17-20261009T055438-e5d386cb,E1,burst,0.3,17,1253,1253,4a8c86561338511b21ed21581cb16967ecab41a5c5488e86f617ac74eac73a99,27.732662,27386.015183,0.12377,27446.11167,1.0,1.146555,0.3440000116825104,25.082847595214844,0.0500800013542175,0.61886,26.825012
v2_E1_burst_rho0.3_seed2026-20261009T050339-c276a560,E1,burst,0.3,2026,1266,1266,bbad0852214d46e8e274e8794765d41c995857f5fbb4133f35ce6830fead47e0,27.961074500000002,28013.627661,0.118185,28069.753218500002,1.0,1.111409,0.3416959941387176,25.134960174560547,0.049695998430252,0.608018,26.838070000000002
v2_E1_burst_rho0.3_seed42-20261010T113806-9c70cfec,E1,burst,0.3,42,1219,1219,1a09ed2fdb8378087502e45b6f78d2da9be43720a27cfc82d9c1cb753934000e,28.770012,28414.148967,0.123129,28471.667093,1.0,1.103462,0.3444480001926422,25.33785629272461,0.0517119988799095,0.631601,27.046832
v2_E1_burst_rho0.6_seed17-20261009T161141-c23fb259,E1,burst,0.6,17,1030,1030,3f3138997fbf0badc7c473db949120e5e13bb79ac88ca756859d1086c29d756c,28.8341585,29604.0208335,0.12230750000000001,29663.245893,1.0,1.0823565,0.3430719971656799,24.967775344848633,0.0499360002577304,0.6380790000000001,26.6384505
v2_E1_burst_rho0.6_seed2026-20261009T040217-9f264519,E1,burst,0.6,2026,1038,1038,fc7c7e365bba51803c4c6fe4683c638f62407760ab24eac926ab2e43a4e86b0b,28.9007005,29247.9538615,0.11877650000000001,29304.493134,1.0,1.1019435,0.3432959914207458,25.10268783569336,0.0501759983599185,0.606855,26.7916805
v2_E1_burst_rho0.6_seed42-20261010T131607-d552bdd0,E1,burst,0.6,42,1014,1014,b2c6d5fdb68835feec016c9a1f88e770a9fd672dd9835445131232391fdd59f2,29.262296499999998,30061.9506185,0.12518849999999998,30125.019885,1.0,1.1078685,0.3447360098361969,25.80276870727539,0.0519040003418922,0.6360375,27.502479
v2_E1_burst_rho0.9_seed17-20261009T042900-29f2f991,E1,burst,0.9,17,1184,1184,60bb045d989d2270fa75028ac82534e34cdba1ca86324ae0d4c0a64089f450b8,29.2429105,29518.3666405,0.1202305,29575.399141,1.0,1.104222,0.3418560028076172,25.02616024017334,0.0502399988472461,0.6135444999999999,26.7217345
v2_E1_burst_rho0.9_seed2026-20261009T044532-4b75d9a7,E1,burst,0.9,2026,1029,1029,39441ce9059b03e499efeaf8c24a63aab951415c0ceef11e86ce308371e1bab2,29.190621,29837.824393,0.119785,29897.375585,1.0,1.110541,0.3428159952163696,25.219392776489254,0.0504640005528926,0.617694,26.922955
v2_E1_burst_rho0.9_seed42-20261010T115224-f7516929,E1,burst,0.9,42,1008,1008,e7533b2a4fadac08a50591bbdfc60cfb3d5f4e6eb8180a96ea1cc7e739948636,29.299342,30299.4602075,0.125295,30360.104518,1.0,1.121635,0.3455199897289276,26.296751976013184,0.05281599983572955,0.6415025000000001,27.998222499999997
v2_E1_burst_rho1.1_seed17-20261009T162700-113fe886,E1,burst,1.1,17,1046,1046,8fd7b07a96afbcec97a2a36c9a11e80ff4b1f9d0252d28b61d49a11c140fc473,28.5045995,29233.685546,0.1195385,29288.389697,1.0,1.1005485,0.3424319922924042,24.75539207458496,0.0484159998595714,0.628339,26.43784
v2_E1_burst_rho1.1_seed2026-20261009T153637-67b544cf,E1,burst,1.1,2026,1136,1136,cfe78fbca14a684a3808f8cbb402320e73ebe4cc49dad5c18a4ce0be055512e1,25.195224500000002,25575.109658,0.117427,25608.908268,1.0,1.0905559999999999,0.3416959941387176,23.80068874359131,0.0469119995832443,0.5947075,25.4761655
v2_E1_burst_rho1.1_seed42-20261010T122739-016547ad,E1,burst,1.1,42,1360,1360,d3f9a65b43ef6f954502df30641d9735e94c8bc2e26b89d12dbfa5bbc3377941,23.0349705,22937.4525435,0.12292,22995.1166195,1.0,1.0436475,0.3429760038852691,23.893471717834473,0.0477760005742311,0.6036794999999999,25.5510955
v2_E1_periodic_rho0.3_seed17-20261009T151931-c1292d77,E1,periodic,0.3,17,1242,1242,30c675a3029ead0f4fd586e0e86391787600b400a69e1f81f09350a4018b99d9,28.666566500000002,29181.6116105,0.11806749999999999,29238.458536,1.0,1.079633,0.342272013425827,24.80780792236328,0.0490880012512207,0.6279805,26.466920000000002
v2_E1_periodic_rho0.3_seed2026-20261010T132719-c799ee22,E1,periodic,0.3,2026,1226,1226,2643c3012882c6440712a842b169f9559214013a683fb2ea45b07ec71999ecc5,28.6497825,29293.649994,0.1190655,29349.911459000003,1.0,1.092321,0.3433279991149902,25.102880477905273,0.0505920015275478,0.6216265,26.782366
v2_E1_periodic_rho0.3_seed42-20261009T053834-505e8e60,E1,periodic,0.3,42,1728,1728,152f0adffabe080710022c08db0888dc239908b6e7a442ab11b6deb40f2e1d8c,14.882767999999999,20358.8584845,0.105727,20397.8814685,1.0,0.99829,0.3378719985485077,18.633455276489258,0.0381760001182556,0.48507,20.14696
v2_E1_periodic_rho0.6_seed17-20261009T155502-31c87349,E1,periodic,0.6,17,1019,1019,e0e487693916325afae499eb1287ed972ca0665941de3fcdd1085c6394857dcc,29.073397,29864.983353,0.125055,29922.101012,1.0,1.325796,0.3460479974746704,25.71126365661621,0.0506559982895851,0.637502,27.627906
v2_E1_periodic_rho0.6_seed2026-20261009T051837-39ac3b41,E1,periodic,0.6,2026,1089,1089,2403ed25e8f8369e67a307f5d5a770346c36eee55b7031db38cdca039964153e,28.186676,28566.134261,0.118197,28620.1218,1.0,1.107195,0.3419840037822723,24.34761619567871,0.0492799989879131,0.601233,26.077962
v2_E1_periodic_rho0.6_seed42-20261009T142201-553b8565,E1,periodic,0.6,42,1043,1043,70dec2c2bbd9d654420cefe654847b1db3179f347d92ab5dea9807948128db24,28.719225,29482.237793,0.119442,29541.000347,1.0,1.116154,0.3423359990119934,24.959936141967773,0.0493119992315769,0.627859,26.667835
v2_E1_periodic_rho0.9_seed17-20261010T115826-9bb833c3,E1,periodic,0.9,17,992,992,ba8b23d3fe801614fb92489a146fa1f411b9a2b6b8c36cb603e36df73eb3ac4f,29.084678500000003,30718.784262499998,0.1244205,30778.004143500002,1.0,1.122617,0.3446719944477081,26.320351600646973,0.0524160005152225,0.6416435,28.036591
v2_E1_periodic_rho0.9_seed2026-20261010T123220-819ab8fc,E1,periodic,0.9,2026,1244,1244,cf0479f5a7b66d8c8e0f23500e57573e3c87718310ebbfdcbea4230f886eb9db,25.802699500000003,24566.9360395,0.12219949999999999,24616.757615000002,1.0,1.0819255,0.3439359962940216,25.004207611083984,0.0497279986739158,0.615849,26.6760155
v2_E1_periodic_rho0.9_seed42-20261009T140746-3d965f6b,E1,periodic,0.9,42,1025,1025,aafe68bed0ba8c03f76d164b4f49501d67d3a4ca7539b82a805951406050acfd,28.934154,30130.197333,0.123175,30188.420959,1.0,1.109424,0.3429119884967804,25.033376693725582,0.0503359995782375,0.637334,26.745799
v2_E1_periodic_rho1.1_seed17-20261010T125218-58fb4659,E1,periodic,1.1,17,977,977,b3d84a7b1895263e856c2bf21a62db2d196e43df5e963b17a03034dce70fa623,29.613338,31238.443966,0.126074,31297.752005,1.0,1.313319,0.3442879915237427,26.011775970458984,0.0523520000278949,0.654259,27.944543
v2_E1_periodic_rho1.1_seed2026-20261009T145526-44ec3b10,E1,periodic,1.1,2026,1029,1029,1b3caa722cbd3cbe4afca8d439452fd456012f0d3cd592ae6f49a47ffadaba7a,28.4832,29967.316932,0.119671,30025.344033,1.0,1.115034,0.3423680067062378,24.94643211364746,0.049600001424551,0.636165,26.645281
v2_E1_periodic_rho1.1_seed42-20261009T042148-7576f646,E1,periodic,1.1,42,1027,1027,82fd4866a814329aa20cabc8a806fc0d02578221a2bca4c790f1401db22d7a50,28.940778,30021.569934,0.118993,30077.847449,1.0,1.108446,0.3428159952163696,25.07449531555176,0.0502399988472461,0.616651,26.765492
v2_E1_poisson_rho0.3_seed17-20261009T150934-7a47341b,E1,poisson,0.3,17,1267,1267,4407c8f28b4e5c6c76af5ff80de058d0c38a3f749751c50c7c3cd242059ec3f4,27.917241,28871.74971,0.118102,28929.332596,1.0,1.114899,0.3418880105018616,24.94121551513672,0.0487679988145828,0.623947,26.638948
v2_E1_poisson_rho0.3_seed2026-20261009T152640-486d0254,E1,poisson,0.3,2026,1302,1302,a6066450f6aa2429895b2eb68becbbe804d803704c0c51caf39cb0d86736609b,28.422584,28843.9708785,0.11835399999999999,28902.8434585,1.0,1.101421,0.3424960076808929,24.866032600402832,0.0486720018088817,0.6233664999999999,26.5490345
v2_E1_poisson_rho0.3_seed42-20261009T160730-1d4d2e37,E1,poisson,0.3,42,1212,1212,36ccda8c985f04d57d2315502dd3d639b4b8b810cd2d1b89b7c8c35a68104541,28.71083,28928.8493305,0.122583,28988.438341,1.0,1.0793675,0.3429119884967804,24.983327865600586,0.049440000206232,0.6437014999999999,26.652369999999998
v2_E1_poisson_rho0.6_seed17-20261010T130452-ef4ca8ad,E1,poisson,0.6,17,1011,1011,3c8756d84c3e1da121ac6895d8f0127f7c13c9d707fde34e3421736ad033df74,29.113834,30267.193763,0.121843,30324.965247,1.0,1.097516,0.3436799943447113,25.92367935180664,0.0518079996109008,0.636233,27.61039
v2_E1_poisson_rho0.6_seed2026-20261009T055620-7d6496eb,E1,poisson,0.6,2026,1027,1027,a357a7e20d54e286e7d7de7519cab04969edd06b225e51b4596e1f24580bde10,29.046037,29858.318996,0.121526,29918.254145,1.0,1.111649,0.3430719971656799,25.123071670532227,0.0501120015978813,0.608714,26.816169
v2_E1_poisson_rho0.6_seed42-20261009T052925-ecd39e0e,E1,poisson,0.6,42,1031,1031,3c8e07ff3d7e3be23d4d626a9252ffeb7095a3b21cb04d2633ad0773a2d9da6b,28.47917,29685.909978,0.119155,29741.994656,1.0,1.115268,0.3418880105018616,25.028160095214844,0.0497599989175796,0.612118,26.72692
v2_E1_poisson_rho0.9_seed17-20261010T133306-f811414d,E1,poisson,0.9,17,1016,1016,022a404a9cbc9eb0b5357b8f44e423b2d73ebae52ff5cdc267aca3754938dcf2,28.799401500000002,30183.051530999997,0.1225025,30241.0087835,1.0,1.0792510000000002,0.3434720039367676,25.545711517333984,0.051631998270750004,0.633963,27.224214
v2_E1_poisson_rho0.9_seed2026-20261009T144315-417d01c4,E1,poisson,0.9,2026,1028,1028,df1b54915d25f901f78c4323c5c86bd857bfc3e33b4c659104dc81cbd643dce7,28.8576455,30121.4928985,0.121553,30184.270177,1.0,1.105987,0.3429439961910248,24.953072547912598,0.0496639981865882,0.6396495,26.6695365
v2_E1_poisson_rho0.9_seed42-20261009T142614-56fe4ff9,E1,poisson,0.9,42,1054,1054,45b9586f92ca5fdd6721458398bb6a4a8b7c450a1fe499811549e8a282495de7,28.8909275,29514.8426635,0.1186305,29570.731204000003,1.0,1.093039,0.3424319922924042,24.85108757019043,0.0487999990582466,0.6212985,26.5199955
v2_E1_poisson_rho1.1_seed17-20261009T164228-70265aa8,E1,poisson,1.1,17,1042,1042,445f68bc4260417ca2b0832b41d78b5dd2ad10f072b63b2af97b1d9c3633833f,28.919658,29691.479926,0.12270600000000001,29749.9349985,1.0,1.1209065,0.3435359895229339,25.066176414489746,0.0500800013542175,0.640132,26.7809165
v2_E1_poisson_rho1.1_seed2026-20261009T045811-01c0b0f0,E1,poisson,1.1,2026,1011,1011,2448d7cb9c55ada228a459cbc54b801c1b284d85a3e100f52caa02981189aafa,29.048597,30519.466976,0.121873,30577.616446,1.0,1.117396,0.3426240086555481,25.213184356689453,0.0511359982192516,0.622596,26.942699
v2_E1_poisson_rho1.1_seed42-20261010T121636-205f753c,E1,poisson,1.1,42,968,968,5ec7bbc6202a23c7017217ab567a1348117441049cb2a94662de9cc3a20fef71,29.341223499999998,31158.6716275,0.127359,31218.9858345,1.0,1.1309255,0.3456159979104996,26.46571159362793,0.0532799996435642,0.6563844999999999,28.196984
v2_F0_burst_rho0.3_seed17-20261009T055041-0e46d472,F0,burst,0.3,17,3122,997,e26e117846fba9c2441240054d2a53c96e6d04337c8b7c238e863b367ac5d0d4,39.984866499999995,37.0385625,29.610682500000003,156.02626800000002,3.131394182547643,8.438107,1.3197120428085327,23.213119506835938,0.0096319997683167,3.458088,9.814087
v2_F0_burst_rho0.3_seed2026-20261009T050943-77ced7f1,F0,burst,0.3,2026,3017,1000,3357ec89fef02919197c99602bab2ab8938039acd90af9359145e9665bc6cef7,40.963536,32.341689,26.426459,149.225691,3.017,7.98573,1.3085599541664124,23.007391929626465,0.0096319997683167,3.295058,9.0959825
v2_F0_burst_rho0.3_seed42-20261009T165105-991ca706,F0,burst,0.3,42,3006,981,3afa0d4bb70e2bef35d118e22f4d4212489f3b3b5f2753f12d4a210021dcd67f,40.160335,30.465734,28.558109,149.406691,3.0642201834862384,8.056815,1.3093119859695437,23.02102470397949,0.0096319997683167,3.169891,9.164151
v2_F0_burst_rho0.6_seed17-20261009T161439-c4e91128,F0,burst,0.6,17,6213,1710,249bd7b3a26487db76cb54236b534472decd5ba6f2aca232643a19c1ae0a3773,33.840509,148.326642,69.507892,302.591685,3.6333333333333333,9.1391625,1.3298879861831665,23.034143447875977,0.0097599998116493,4.1379755,10.789923000000002
v2_F0_burst_rho0.6_seed2026-20261009T040103-d4754fa1,F0,burst,0.6,2026,5921,1630,9b19a8a9183d6173017a92394e176b50c5b6b2e793d9758d6de3e5c87856d87a,33.253303,119.311145,76.690572,281.823088,3.632515337423313,9.081928000000001,1.3427839875221252,23.222000122070312,0.0096000004559755,3.750798,10.858330500000001
v2_F0_burst_rho0.6_seed42-20261010T131107-8c51b943,F0,burst,0.6,42,6158,1686,62084fe87b32128b5d8f287261db8685fa830e46a849476858c1d0a67f1e4707,34.9390795,147.270293,81.9701565,313.96694,3.6524317912218267,9.971149,1.348688006401062,23.027008056640625,0.0097920000553131,4.563205,11.890219
v2_F0_burst_rho0.9_seed17-20261009T043044-2d123c4c,F0,burst,0.9,17,9237,2384,7e4a898ffbd7a8a77d1566243259dcd22af62051ee4f733b35ff1d8dbece57f1,30.648241,242.82277,177.689784,502.159717,3.8745805369127515,9.730934999999999,1.3423839807510376,23.20673656463623,0.009871999733149998,4.7845534999999995,11.5473405
v2_F0_burst_rho0.9_seed2026-20261009T043848-5bec9878,F0,burst,0.9,2026,8949,2330,8959666d96f47777422714b4db18602740f4bae6190998be14cede21dac446a5,30.825429,236.790233,144.415505,468.930948,3.8407725321888413,9.045526,1.346272051334381,23.049152374267578,0.0098559996113181,4.197504,10.6584125
v2_F0_burst_rho0.9_seed42-20261010T115408-b981823e,F0,burst,0.9,42,9112,2387,0e4ad44844730eed40fb98ea334fd4d91ef492b1b1c158060497d4337e8619c3,31.264587499999998,249.8508605,132.197403,462.799102,3.8173439463762042,9.134218,1.3456000089645386,23.073728561401367,0.0100480001419782,4.634459,10.826379
v2_F0_burst_rho1.1_seed17-20261009T162255-5acedc96,F0,burst,1.1,17,9723,2431,f5beb9150d6f09522b2336fea7908d99947c0dcdfbc3ea5689946379afd23708,31.976263,306.223089,2358.688365,2762.253625,4.0,9.796544,1.3404799699783323,23.092832565307617,0.0101119996979832,3.95693,11.366467
v2_F0_burst_rho1.1_seed2026-20261009T154105-90b2dd48,F0,burst,1.1,2026,10059,2515,17f88600982e0d5912db9b1b141bb5598c7c19847c0ef12c633416003ae33e3c,30.541067,285.283105,2313.636673,2635.886933,4.0,9.126966,1.338655948638916,23.25340843200684,0.0101119996979832,4.101811,10.628669
v2_F0_burst_rho1.1_seed42-20261010T122622-2231f5f0,F0,burst,1.1,42,9746,2437,f5917f40e72c3b9977b0d4c8f38c19472919b5f985d1ff9a732a5159b7f0327c,32.644129500000005,300.4470835,2379.9537425,2767.9362695,4.0,9.331689,1.3564480543136597,23.24630355834961,0.0097599998116493,4.43175,11.11359
v2_F0_periodic_rho0.3_seed17-20261009T151702-6c78a10f,F0,periodic,0.3,17,3016,3012,18cfed370d1e146397dedbf1b3cdacdd801aa895b3841b0351aa6dfdfa59adec,38.807807,0.379469,0.2269775,53.699812,1.00132802124834,2.0312015,0.3826879858970642,8.546703815460205,0.005375999957323,1.3867335,2.8470505
v2_F0_periodic_rho0.3_seed2026-20261010T132019-f84f40ff,F0,periodic,0.3,2026,3016,3012,97501ea31ef8e8f1d61ca27784e04c22a43da4d752c69ec2dc9a9a7082597688,37.142754499999995,0.37369050000000004,0.231362,51.6005615,1.00132802124834,2.0502755,0.3898240029811859,8.547887802124023,0.005375999957323,1.420805,2.920152
v2_F0_periodic_rho0.3_seed42-20261009T054121-2dde038f,F0,periodic,0.3,42,3016,3013,c174f075cd7f5c07e968352adcf27fd90dae92726e1d6e6826b8de4d32e5b7da,37.85265,0.39917800000000003,0.229366,52.218057,1.0009956853634252,2.042153,0.3840639889240265,8.548928260803223,0.005375999957323,1.355875,2.879039
v2_F0_periodic_rho0.6_seed17-20261009T154916-5d149501,F0,periodic,0.6,17,6032,5596,793539f73a61471f701ed296e8e32afafa1d951cf4614703469b70fe7e19bb3d,41.9523315,1.26743,1.1938205,63.170203,1.0780914939242316,2.2680555,0.3953920006752014,8.563232421875,0.0054399999789893,1.5815165,3.392926
v2_F0_periodic_rho0.6_seed2026-20261009T052201-5f49a0cd,F0,periodic,0.6,2026,6032,5680,8e4c41a655816ed8b3f78f7aa5b7f9616f0c72af41f50691d0a9b0ed54cce965,41.464890499999996,1.1093885,0.9079545,61.786972,1.0619718309859154,2.120848,0.387935996055603,8.563087940216064,0.0054720002226531,1.476083,3.161352
v2_F0_periodic_rho0.6_seed42-20261009T142047-d20f7261,F0,periodic,0.6,42,6032,5678,11e6da4ec9e243fd2cd2218a8f30828e299e736128ce022a26588aacfbe20ea7,41.411756999999994,1.2947685,0.940781,62.2028955,1.0623458964424093,2.1667775000000002,0.3922559916973114,8.558608055114746,0.0054080002009868,1.603192,3.3248670000000002
v2_F0_periodic_rho0.9_seed17-20261010T120417-ed745e8d,F0,periodic,0.9,17,9048,2607,429e7b6d679fdbba56220e64343cbdb072b9ca78ecda7fbf25688e4257ea4e42,41.578596000000005,5.129901,13.936602,106.261123,3.4710395090141923,10.218522,1.3995840549468994,23.241151809692383,0.0099839996546506,4.097992,11.989719
v2_F0_periodic_rho0.9_seed2026-20261010T124114-d20ae7d0,F0,periodic,0.9,2026,9048,2610,5a9c86ff82f72fd382a125506bd8f482cc0992205e31c1a22802cd14e53aee96,41.565611000000004,5.1875665,14.170546,106.22211250000001,3.467816091954023,10.2554805,1.3947359919548035,23.04427146911621,0.0099200000986456,4.2090415,12.0331375
v2_F0_periodic_rho0.9_seed42-20261009T140931-307cc086,F0,periodic,0.9,42,9048,2611,086e60d0885935cd82073a3b2aa3815027284b8a69ca44df2b42a1b5ff112462,41.3773465,4.679792000000001,14.3713445,105.88373250000001,3.4661049406357716,9.929844,1.371135950088501,23.2458553314209,0.0097279995679855,4.037265,11.527732
v2_F0_periodic_rho1.1_seed17-20261010T124640-0dd75a3e,F0,periodic,1.1,17,10093,2524,5e5572686aa4d1779f3a2609e8bae8e4ca425a4c676893f8c11a2012d870430e,39.68135,10.25976,2983.4136,3083.216372,4.0,11.6408825,1.4090880155563354,23.2490234375,0.0100480001419782,4.259261,13.838863499999999
v2_F0_periodic_rho1.1_seed2026-20261009T145829-4a5ca67e,F0,periodic,1.1,2026,10449,2613,dfe241d144f1981a0181c136d691d59ad9664e2469f591694d00ed4666b13aae,38.413199,7.42857,2874.908085,2967.484922,3.9988518943742823,10.859482,1.3715840578079224,23.043231964111328,0.0099839996546506,3.995244,12.514449
v2_F0_periodic_rho1.1_seed42-20261009T041206-4313bfb2,F0,periodic,1.1,42,10383,2596,a11592a7c7c067ca5be859383e0f97e893c7607e741a6dd2415689262d28db7b,39.040753,8.289111,2881.969539,2974.494972,4.0,11.065182499999999,1.4041600227355957,23.047951698303223,0.010080000385642,4.1121115,12.856986
v2_F0_poisson_rho0.3_seed17-20261009T150706-99104d2a,F0,poisson,0.3,17,3123,2957,95abcf18014ccc1d0fe05a33c29b92f15764da52ea84c6b3c2c69d2973480eae,40.449298,0.447764,0.247009,57.689104,1.0561379776800812,2.060904,0.3831360042095184,8.533663749694824,0.0053440001793205,1.373409,2.922815
v2_F0_poisson_rho0.3_seed2026-20261009T153007-ada576ff,F0,poisson,0.3,2026,3013,2845,d2a0978607a117aa22ed0752d7c4a5a7730c284ea127a7aeca0378bf8d3ae849,40.448395,0.391322,0.244085,57.698846,1.0590509666080843,2.051487,0.3831360042095184,8.54851245880127,0.005375999957323,1.349886,2.897325
v2_F0_poisson_rho0.3_seed42-20261009T160615-90230a5e,F0,poisson,0.3,42,2990,2787,47fc1e0f672d575022136b0871f6608327e9d114b1c8047febcbcdf8749d2c78,41.1733885,0.4303675,0.2891835,59.334898499999994,1.072838177251525,2.165373,0.385888010263443,8.549535751342773,0.005375999957323,1.380141,3.063194
v2_F0_poisson_rho0.6_seed17-20261010T125637-6600f827,F0,poisson,0.6,17,6220,3877,0295e9f595a9ce2d621e459a313297e803ba26da72da3b9d7253c02dac8cf4d5,43.254785999999996,2.129752,4.8725495,82.25980799999999,1.6043332473562033,2.740179,0.5042240023612976,8.582464218139648,0.0055999998003244,1.995159,4.341469
v2_F0_poisson_rho0.6_seed2026-20261009T060203-a031319c,F0,poisson,0.6,2026,5919,4037,4e93f5d9ae3ac674c8f03860ad14bd17a01e90efa6ecc60a61e7f5616f35b93a,43.063273,1.51341,3.668762,75.279918,1.466187763190488,2.352993,0.4565440118312835,8.57100772857666,0.0055680000223219,1.726856,3.752237
v2_F0_poisson_rho0.6_seed42-20261009T052543-8f4b7f2a,F0,poisson,0.6,42,6150,3835,2dea08a20320a5f98deaecf005fe9656e2f31e410a185e5a974984fab4766c13,43.258051,1.9498785,4.942317,81.81692100000001,1.6036505867014341,2.634082,0.4991999864578247,8.579392433166504,0.0056320000439882,1.936378,4.270747
v2_F0_poisson_rho0.9_seed17-20261010T133036-9bdcc9bc,F0,poisson,0.9,17,9260,2700,885ac10c2507d5f826f29007e3d94aa523343992ef4e5b40dd2042a614704f1e,39.5606535,8.145095000000001,30.283815,129.43864150000002,3.4303703703703703,9.201108,1.358527958393097,23.05900764465332,0.0098240002989768,4.328096,10.725194
v2_F0_poisson_rho0.9_seed2026-20261009T144728-bf856c45,F0,poisson,0.9,2026,8932,2819,715e2395f794dbaa958be6ab3fda08e7e40b87781cde66b8a21ceb7cac44d608,40.220234500000004,7.2793475,23.3427785,120.445265,3.1684994678964173,8.806986,1.319200038909912,23.02854347229004,0.0095359999686479,3.986072,10.117149
v2_F0_poisson_rho0.9_seed42-20261009T143504-20f2a19a,F0,poisson,0.9,42,9121,2819,80aea8362c23e7331c2d16726e3566ca93d8c659b416bf700788c1e3e9e98a8c,39.270995,6.755058,26.234062,122.195689,3.2366087264987584,8.742912,1.3203200101852417,23.027231216430664,0.0095359999686479,4.015057,9.949174
v2_F0_poisson_rho1.1_seed17-20261009T163951-6b47b8e9,F0,poisson,1.1,17,9961,2491,32a9050f01fc5d8afc946233878e44b2b2893c6132e764f5d89ccc85bad731d2,39.583724,12.22063,2977.527138,3078.964944,3.9991971095945402,10.718594,1.382688045501709,23.25212860107422,0.0099200000986456,4.401234,12.603177
v2_F0_poisson_rho1.1_seed2026-20261009T044947-be8fc71c,F0,poisson,1.1,2026,10290,2573,7fa7cd39e0879bd28d7cf9e82d98a9f8ddd9c649dbf2957ec5d936aab68178a2,37.54974300000001,11.1785785,2866.0885455,2961.991383,3.9996113486202876,10.067117,1.3766080141067505,23.241024017333984,0.0100159998983144,4.267913,11.580432
v2_F0_poisson_rho1.1_seed42-20261010T121225-bace8f10,F0,poisson,1.1,42,10078,2520,985973cb42c23b54c44dd7559d0648a8451106a488fffed34e4d5cd1e551c973,39.087822,12.884720999999999,2980.573349,3082.079998,4.0,10.73783,1.391711950302124,23.12262344360352,0.0100480001419782,4.2860385,12.545592
v2_G0_burst_rho0.3_seed17-20261009T055154-35e307b0,G0,burst,0.3,17,2008,2008,7af9da92912b628fb01149908d1392ac81d6a82bf4a4cb7d9b5fed0f5e6436f3,21.272393,16980.5694915,0.1634345,17017.5400985,1.0,1.954956,0.381632000207901,8.622624397277832,0.005375999957323,1.238135,2.743857
v2_G0_burst_rho0.3_seed2026-20261009T050634-ea31ba72,G0,burst,0.3,2026,2105,2105,a63d47ebd7e33b8330b5faeb07be0e676acfe8818587df1dc26e398e47443fad,21.309479,17171.177254,0.165101,17204.095133,1.0,1.961056,0.3799999952316284,8.541888236999512,0.005375999957323,1.239266,2.749115
v2_G0_burst_rho0.3_seed42-20261009T164935-ea73c500,G0,burst,0.3,42,1996,1996,2195f9b0fe9bbd4b6574cb7d83ff206991fc415991f1b288866abd2e8f78cc1f,21.544330000000002,17331.561344499998,0.1642875,17365.307692000002,1.0,1.964124,0.379040002822876,8.541055679321289,0.0053440001793205,1.261675,2.7440995
v2_G0_burst_rho0.6_seed17-20261009T162123-cf237c55,G0,burst,0.6,17,1681,1681,6fbbfd5df2248e3c80bb58d5bf60bafdf9bed35837475b838ab8e738354270e7,22.078345,17962.188842,0.166691,17996.855286,1.0,1.962182,0.379936009645462,8.542048454284668,0.005375999957323,1.262083,2.735975
v2_G0_burst_rho0.6_seed2026-20261009T040740-398dd153,G0,burst,0.6,2026,1694,1694,562677d9cabf6a5140bb8263827a20ef150aeed7070a69ed988f5db3b0ae8683,22.020101500000003,17847.7928075,0.1700855,17882.6852635,1.0,1.9684724999999998,0.3795840144157409,8.54304027557373,0.0053440001793205,1.2484315000000001,2.761412
v2_G0_burst_rho0.6_seed42-20261010T130637-713ae985,G0,burst,0.6,42,1679,1679,e324be1d948f06ca1aceed462084a4f0becb6e5846955f3c8fb916a6a95f2142,22.09094,18038.943067,0.171979,18075.949342,1.0,1.978904,0.3870080113410949,8.541952133178711,0.005375999957323,1.307812,2.802983
v2_G0_burst_rho0.9_seed17-20261009T043157-02a9fd79,G0,burst,0.9,17,1651,1651,1d3b86811d20aa42d47488457594af9dd9c35111d6879584570cec4381090230,22.194635,18330.419258,0.166631,18365.240253,1.0,1.956253,0.381983995437622,8.541888236999512,0.0053440001793205,1.237178,2.742022
v2_G0_burst_rho0.9_seed2026-20261009T043716-405f520c,G0,burst,0.9,2026,1666,1666,9c246963adb3cf2836b18bdb7ff577265f038b4e1e5623fdfa5414a546f58f82,22.1628545,18172.944375500003,0.165964,18206.3383575,1.0,1.9615135000000001,0.3808000087738037,8.542064189910889,0.005375999957323,1.2470575,2.7515400000000003
v2_G0_burst_rho0.9_seed42-20261010T114937-1ee0284b,G0,burst,0.9,42,1647,1647,e5874c22d797df64e1150bcbdf2ed01a3c37ce12fdd93bf85348193fa2f718da,22.425081,18429.616002,0.175722,18463.547901,1.0,1.980921,0.3862720131874084,8.54207992553711,0.005375999957323,1.330794,2.807968
v2_G0_burst_rho1.1_seed17-20261009T162528-30c8260c,G0,burst,1.1,17,1648,1648,b942fcc7eb278eecae2cb08372a59da772a3ff6290899c6f32179751def8ae45,22.1669645,18352.011821,0.164124,18385.417655999998,1.0,1.947275,0.3794879913330078,8.539455890655518,0.005375999957323,1.2604445,2.7198085
v2_G0_burst_rho1.1_seed2026-20261009T153933-f10bfcec,G0,burst,1.1,2026,1636,1636,bda46ed064697e5843410ce6d7df32e42042f2ac49cdc4c84512916a0fbb308d,22.4810405,18572.7943935,0.16713650000000002,18611.0717545,1.0,1.9573825,0.378464013338089,8.620431900024414,0.0053440001793205,1.265466,2.7283285
v2_G0_burst_rho1.1_seed42-20261010T122449-d249bad2,G0,burst,1.1,42,1636,1636,68eb59d9ea0bd65b1167f1dd661a0e531abd809415df2f86302f24106df7648f,22.517666,18621.256316,0.17913,18655.448929,1.0,1.933668,0.3855040073394775,8.62054443359375,0.005375999957323,1.3284354999999999,2.759498
v2_G0_periodic_rho0.3_seed17-20261009T151530-768a28ea,G0,periodic,0.3,17,2014,2014,8c40a080f72cd7e890ab26ee3cef7fb0cec47486e12dcc6f37be5531078b6824,21.5886445,17833.1343625,0.1635775,17867.1241345,1.0,1.9490094999999998,0.3792960047721863,8.541215896606445,0.0053440001793205,1.2498825,2.7144515
v2_G0_periodic_rho0.3_seed2026-20261010T132547-5c94ea84,G0,periodic,0.3,2026,1988,1988,47f32a6241b9d950ad7aeb36137e6fd7788cbe3ca4e3cfd3569a0e8140397deb,21.922194,18142.380172999998,0.1765445,18178.313724,1.0,1.9799205,0.3874880075454712,8.527247905731201,0.0053440001793205,1.3218969999999999,2.8069045
v2_G0_periodic_rho0.3_seed42-20261009T054234-db11e8d3,G0,periodic,0.3,42,2004,2004,096c3050e8461ae75e0c9a1d02ff1485ca5a144e0760fcb01f8d65a6885bf401,21.5939635,17927.6158595,0.165056,17960.678726500002,1.0,1.9550424999999998,0.3800320029258728,8.542943954467773,0.005375999957323,1.2499069999999999,2.743964
v2_G0_periodic_rho0.6_seed17-20261009T155329-7990bd74,G0,periodic,0.6,17,1652,1652,c2209cf2cbd420f85e9ab9df4fac0470a9b9ff8a21f9aee3f942daeab93a1fb3,22.515861,18652.044547,0.17369099999999998,18687.496574999997,1.0,2.0675725,0.3838720023632049,8.541855812072754,0.0053440001793205,1.3053915,2.8856595
v2_G0_periodic_rho0.6_seed2026-20261009T051323-f7b4df8d,G0,periodic,0.6,2026,1679,1679,f64023f6d5a4c31b38e0b03b51beac30dceb496c6950e50fb6fdafcb9c671345,22.12397,18382.315511,0.16836,18417.193157,1.0,1.942188,0.3800640106201172,8.542719841003418,0.005375999957323,1.233295,2.727619
v2_G0_periodic_rho0.6_seed42-20261009T141502-89facd95,G0,periodic,0.6,42,1799,1799,5542010022b57cc7c6694319305a134d20234cc0480f7b6753a2317b1a2439b8,20.464384,17002.922218,0.149807,17035.46327,1.0,1.859476,0.3770880103111267,8.541536331176758,0.005375999957323,1.230869,2.622289
v2_G0_periodic_rho0.9_seed17-20261010T120129-e5282dd0,G0,periodic,0.9,17,1623,1623,9e5576375053ed6a8dc4588bdcf39161c3b7218349dd6fcc9f50ca58b209f642,23.067998,19092.277813,0.174325,19128.146264,1.0,1.960789,0.3873279988765716,8.5415678024292,0.005375999957323,1.306884,2.789286
v2_G0_periodic_rho0.9_seed2026-20261010T123404-7803bd4f,G0,periodic,0.9,2026,1646,1646,8c102bbc80144c5c241fbabdb1573f27e9ef3050450759ca2f53b3c97a2a7694,22.694732000000002,18650.0027365,0.173317,18685.2189665,1.0,1.9569595,0.3884159922599792,8.620448112487793,0.005375999957323,1.3123040000000001,2.783306
v2_G0_periodic_rho0.9_seed42-20261009T140337-55c1d5a4,G0,periodic,0.9,42,1642,1642,091252f685ec35f23bf3e858016a0994898c31c6f8243254a510d60a97797d69,22.9138065,18980.484229,0.1648905,19016.614883000002,1.0,1.939982,0.3800320029258728,8.526415824890137,0.0053119999356567,1.260321,2.710458
v2_G0_periodic_rho1.1_seed17-20261010T124506-b69d95ce,G0,periodic,1.1,17,1588,1588,3b2b7a64729ac673a77460ef1a8f9f1829c1a47f6972d1384f8a71ca65e2b921,23.2996385,19519.613355,0.1788845,19556.65889,1.0,1.976333,0.3868800103664398,8.619472026824951,0.005375999957323,1.3310135,2.8061505
v2_G0_periodic_rho1.1_seed2026-20261009T145947-db80f6f3,G0,periodic,1.1,2026,1636,1636,fe92badc11d82c7e88342b03d747edecae7f43368f446d1c1387e6b7ca288eb4,23.065540499999997,19097.212029000002,0.16602050000000002,19132.790232,1.0,1.959375,0.3795840144157409,8.541711807250977,0.005375999957323,1.267282,2.732875
v2_G0_periodic_rho1.1_seed42-20261009T042015-472904b0,G0,periodic,1.1,42,1635,1635,5b85bf4c7bd051c7023934ba886697d37c596cabfd89fb5750db26bf657741e1,22.713483,18981.927622,0.164009,19017.345561,1.0,1.943999,0.3804799914360046,8.609503746032715,0.0053440001793205,1.231701,2.725415
v2_G0_poisson_rho0.3_seed17-20261009T150534-5ce27d1a,G0,poisson,0.3,17,2019,2019,aff59b39367f6359fae5d9fe49cf940147803ed012d440379d78229ee2e809a3,21.499168,17786.253946,0.160406,17820.334546,1.0,1.938697,0.3785279989242553,8.526335716247559,0.0053119999356567,1.245246,2.701182
v2_G0_poisson_rho0.3_seed2026-20261009T153236-1d6da84b,G0,poisson,0.3,2026,2046,2046,0cabe2c30c4a02e35f5ef15bf1430fde5e5756fe5025de73e8055ea24037ea12,21.71002,17782.2866075,0.16228199999999998,17816.344382000003,1.0,1.931812,0.3796159923076629,8.542624473571777,0.0053600000683217495,1.25019,2.6957765
v2_G0_poisson_rho0.3_seed42-20261009T160214-bf7b583b,G0,poisson,0.3,42,1995,1995,612187bbe18d12c3c13cc0a585b49b92ab0d11d516dd5358608b33e55ee828f1,21.60979,17864.86133,0.170092,17900.071325,1.0,2.054384,0.383103996515274,8.541279792785645,0.0053440001793205,1.276597,2.86247
v2_G0_poisson_rho0.6_seed17-20261010T125935-f6086931,G0,poisson,0.6,17,1653,1653,172ac9e09380d8bfba5f1dc55d391f8c664f7cf2d63437b67fa760231c8f3fd7,22.367176,18572.953846,0.177026,18608.908008,1.0,2.043516,0.3861120045185089,8.541312217712402,0.005375999957323,1.339027,2.885531
v2_G0_poisson_rho0.6_seed2026-20261009T060031-a4492a0c,G0,poisson,0.6,2026,1683,1683,575778a04e51e2743fc1618a35492ffd728e811da6af4302c68ea720a2e39e44,22.172778,18341.733939,0.169893,18376.031395,1.0,1.967724,0.3809919953346252,8.542207717895508,0.005375999957323,1.233028,2.759514
v2_G0_poisson_rho0.6_seed42-20261009T053251-bf98d00e,G0,poisson,0.6,42,1712,1712,8ead2fe9ed556502b120257e0a7a55bd5a1eb29edfccbdd7a759d76a6c885b9a,21.7615775,18055.594142,0.163714,18090.407418000003,1.0,1.9489795,0.3789120018482208,8.528016090393066,0.0053119999356567,1.2423030000000002,2.7337375
v2_G0_poisson_rho0.9_seed17-20261010T132903-6f6f6c90,G0,poisson,0.9,17,1643,1643,3011ba77a538de68d3039748489d608666f604ed2c3767455f8949ec8568bd92,22.833423,18891.540087,0.17344,18927.237579,1.0,1.971501,0.3867839872837066,8.52678394317627,0.0053440001793205,1.309294,2.793511
v2_G0_poisson_rho0.9_seed2026-20261009T144843-95c8773d,G0,poisson,0.9,2026,1656,1656,77a53b6672ac231b48f46f2c2c0887a772c5ae6bee034d377284bbb8e59df6ee,22.675521,18763.5533775,0.1658615,18798.245455,1.0,1.9619205000000002,0.3775039911270141,8.54040002822876,0.0053600000683217495,1.264054,2.7265115
v2_G0_poisson_rho0.9_seed42-20261009T142914-7acc52de,G0,poisson,0.9,42,1638,1638,b6d9a992e4210c4e7b805bba4cd43af1fcb1c18299b6d9dd192c392634eb4c5c,22.826614,18870.751156,0.168066,18905.9778225,1.0,1.8014685,0.3784320056438446,8.541247844696045,0.0053440001793205,1.2580935,2.577766
v2_G0_poisson_rho1.1_seed17-20261009T164412-4ec03721,G0,poisson,1.1,17,1659,1659,a0e3ec20ec9c5ee44bbb4fce8149dd3fee43dbe63422f14f7861992de66ab45a,22.9166,19238.063745,0.163651,19276.108768,1.0,1.971891,0.3802559971809387,8.619999885559082,0.005375999957323,1.259416,2.750204
v2_G0_poisson_rho1.1_seed2026-20261009T045103-07af54ea,G0,poisson,1.1,2026,1647,1647,b708d9517bde3a15c48544bcfb1f8754b9bbb89a83b9f2d9ead8979479b1d425,22.35442,18771.401442,0.165049,18807.900509,1.0,1.958401,0.3811840116977691,8.618176460266113,0.005375999957323,1.234543,2.748322
v2_G0_poisson_rho1.1_seed42-20261010T121502-ab2f40f3,G0,poisson,1.1,42,1600,1600,95fb8def89b176de050be3bb69d1d1d320cf85a5ba529a0165ebc42bb65379fc,23.2144805,19383.4320665,0.1810535,19419.4237115,1.0,1.9854725,0.3875840008258819,8.5797758102417,0.005375999957323,1.330292,2.8145905
v2_P0_burst_rho0.3_seed17-20261009T054519-a6750319,P0,burst,0.3,17,3122,3122,69da5f10647008c1c67848ed9f317a47c38d1fb57ba1485869e44abdcdc91400,40.430019,38.0733265,121.20326499999999,223.17433549999998,1.0,2.038769,0.3757759928703308,8.565759658813477,0.0055999998003244,1.1914585,2.7948225
v2_P0_burst_rho0.3_seed2026-20261009T050113-1c4ef57f,P0,burst,0.3,2026,3017,3017,27969bf207576a8feec3ebdcefc501b5fc6ae0193e5a698b3611a077fb2fb226,41.660408,33.975543,115.167043,211.391713,1.0,2.039915,0.3766080141067505,8.564191818237305,0.0055999998003244,1.196552,2.803807
v2_P0_burst_rho0.3_seed42-20261009T165332-5650df7f,P0,burst,0.3,42,3006,3006,5cf2c8fa0c1cbc7fc97a11c760cd1d116cfff4ba2c5b7722e5acd8bf67a56026,40.859821,31.475728500000002,115.885614,209.959387,1.0,2.0017484999999997,0.37270399928092957,8.563008308410645,0.0054720002226531,1.182483,2.755794
v2_P0_burst_rho0.6_seed17-20261009T161552-c8c8585b,P0,burst,0.6,17,6213,6213,1f667571e72927c43972f54a4d2735ed021d2d2f8f207ee0d7cad66ab7a8ba75,37.216176,171.052009,2213.442143,2439.099685,1.0,1.951926,0.3695999979972839,8.567872047424316,0.0055359997786581,1.164182,2.688668
v2_P0_burst_rho0.6_seed2026-20261009T040512-e121f432,P0,burst,0.6,2026,5921,5921,af8b1daefa14d1e013fcde533fe0162c28504f4951146a7fdda6c9cfa87a7e33,35.366886,143.433821,363.39269,556.602032,1.0,1.992457,0.3724479973316192,8.567359924316406,0.0055999998003244,1.179727,2.744178
v2_P0_burst_rho0.6_seed42-20261010T131221-67297b36,P0,burst,0.6,42,6158,6158,53dcf5491c4970c3b7d08224a478d203e21269d57345f0991a2e67e13723412f,35.9778175,154.269475,909.5474509999999,1166.0413035000001,1.0,1.93014,0.3769600093364715,8.569600105285645,0.0055359997786581,1.215389,2.6837815000000003
v2_P0_burst_rho0.9_seed17-20261009T043329-5e46aa60,P0,burst,0.9,17,5926,5926,f6f728d31a4c7d5890df7a253826ecb2026fde846479176d17be55041f6a82b5,39.264537000000004,198.0539755,4544.056092500001,4781.3377095,1.0,1.9732545,0.3698239922523498,8.5687837600708,0.0055999998003244,1.135537,2.7294675
v2_P0_burst_rho0.9_seed2026-20261009T044715-9b5a8bf5,P0,burst,0.9,2026,5882,5882,7eb184a7f3efcb9dc3c9f29342887688e66796573dff29d3ffc6c3201d7a7004,39.831430499999996,202.125185,4564.0576765000005,4810.851959,1.0,2.271757,0.3668479919433594,8.660048007965088,0.0055999998003244,1.020805,3.172073
v2_P0_burst_rho0.9_seed42-20261010T114701-ad8a13ad,P0,burst,0.9,42,5826,5826,2326e872f62987e3da6051198f66cd94a124540e603ebaf34517120bf07055d6,39.632454499999994,197.432118,4610.924407,4848.783068,1.0,2.5820895,0.3634879887104034,8.568832397460938,0.0055359997786581,0.9634915,3.4333074999999997
v2_P0_burst_rho1.1_seed17-20261009T163257-8d09d786,P0,burst,1.1,17,5962,5962,9aeb2213590859fd4c491b1bbcd97c3667e8a1d701479cf8c46b996168b08d70,38.2426235,202.3648105,4514.4348515,4755.940511,1.0,2.075355,0.36667200922966003,8.5665283203125,0.0055359997786581,1.1251095,2.875342
v2_P0_burst_rho1.1_seed2026-20261009T154340-16774fa6,P0,burst,1.1,2026,6052,6052,7846ce4537c9058435873be4bf0069017bd3d3d4b33cb9cbc6f343549bf1c486,38.351628500000004,208.87025749999998,4465.0882105,4712.2851305,1.0,2.0009155,0.363647997379303,8.566816329956055,0.0055359997786581,1.006777,2.758144
v2_P0_burst_rho1.1_seed42-20261010T122056-8768609f,P0,burst,1.1,42,5950,5950,b658abf70cf2e33c2a9db9110fe5918258e81e9e79cfbf2736fcf2495d174be4,39.677735,215.1384385,4528.9257155,4763.0493975,1.0,1.9360659999999998,0.3688639998435974,8.568415641784668,0.0055359997786581,1.091383,2.7168535
v2_P0_periodic_rho0.3_seed17-20261009T152257-16118453,P0,periodic,0.3,17,3016,3016,8e83f00d57927b5c9b0d394304188f752396a0903f93fce824db6c21702703c5,27.476196,0.29772750000000003,0.2049285,40.789418,1.0,1.9905335,0.377375990152359,8.547391891479492,0.005375999957323,1.302393,2.757272
v2_P0_periodic_rho0.3_seed2026-20261010T131905-cad3bd5d,P0,periodic,0.3,2026,3016,3016,6c51f4edf457312e45118b1b4803cac51f06fe18c56aa9789bfba8cca22ef134,37.601921000000004,0.374938,0.230578,51.89849649999999,1.0,2.04328,0.3901120126247406,8.547807693481445,0.005375999957323,1.40384,2.9041705
v2_P0_periodic_rho0.3_seed42-20261009T053606-556d5762,P0,periodic,0.3,42,3016,3016,796d114d96a6d6a3353cd433c682824f04007b8c0f60b44b3d82c9844ba6e082,38.196741,0.3784275,0.226713,52.797644000000005,1.0,2.043964,0.383679986000061,8.545439720153809,0.005375999957323,1.3448415,2.87165
v2_P0_periodic_rho0.6_seed17-20261009T155646-097655cb,P0,periodic,0.6,17,6032,6032,e02590300fe45c6914908e077f2981c1a5151a5c199653328f01375589f6a4ce,42.50464,1.472837,2.1334555,64.4473635,1.0,2.2512105,0.3917120099067688,8.56059217453003,0.0054399999789893,1.6057345,3.4211004999999997
v2_P0_periodic_rho0.6_seed2026-20261009T051609-ccf08ce6,P0,periodic,0.6,2026,6032,6032,3de53378f28fecad6d69553bdc4ce443994fd4b39fef63a696014c1471b06d81,41.061439,0.8869765000000001,0.9458465,60.5893755,1.0,2.075084,0.3840959966182709,8.556928157806396,0.0054720002226531,1.383867,2.9628955
v2_P0_periodic_rho0.6_seed42-20261009T141932-df9082d9,P0,periodic,0.6,42,6032,6032,c5b6afd95ee11845d5197d10875d2d001edeecef57326be2008fbcd066fa0b7e,42.074745,1.187975,1.6099275,63.0472775,1.0,2.1252554999999997,0.3872160017490387,8.553567886352539,0.0054080002009868,1.5601435000000001,3.1364445
v2_P0_periodic_rho0.9_seed17-20261010T115707-05616ccb,P0,periodic,0.9,17,6751,6751,6356c647fc4fc246cc7d53c5c3267cc6c8541d4c5a0eac58b7379a840523a95d,46.871215,3.330785,4491.008729,4559.384994,1.0,2.512412,0.3932799994945526,8.573247909545898,0.0055680000223219,1.47207,3.679414
v2_P0_periodic_rho0.9_seed2026-20261010T124229-6c5c1e4c,P0,periodic,0.9,2026,6689,6689,3ef21fd9c2662cc77c407df458f60498322485a85246a7464386efa4e844765e,47.105938,3.50464,4553.734283,4621.274384,1.0,2.51775,0.3936960101127624,8.633376121520996,0.0055359997786581,1.52005,3.716189
v2_P0_periodic_rho0.9_seed42-20261009T141046-700f72aa,P0,periodic,0.9,42,6899,6899,32cd5e7204e3c13c6a60297b105c30ee567dd60423f536babb72be746558458a,45.464222,2.832677,4425.537394,4490.838614,1.0,2.850566,0.3738879859447479,8.564800262451172,0.0055680000223219,1.294128,3.781089
v2_P0_periodic_rho1.1_seed17-20261010T124915-1701f706,P0,periodic,1.1,17,6672,6672,e54bbd3d3b699050f4e783afbc56e284db32beedc94eafe477fcfe7680e0db48,46.8303065,3.986609,4538.257061,4606.6593505,1.0,2.6317315,0.3955679982900619,8.571792125701904,0.0055359997786581,1.55575,3.8831005000000003
v2_P0_periodic_rho1.1_seed2026-20261009T145135-8af6b189,P0,periodic,1.1,2026,6848,6848,bbb8bfc3d94519661a0a85ec556371470f38e84373232c43d24e2a0fcb4a21ad,45.7282345,2.7444715,4402.0238635,4468.5287215,1.0,2.2955295,0.37673600018024445,8.567584037780762,0.0055999998003244,1.3486315,3.2891649999999997
v2_P0_periodic_rho1.1_seed42-20261009T041439-652386c0,P0,periodic,1.1,42,6781,6781,753654e45a55981eb8528c468516b32b05bdb3e8031bce8cbccebf25de109cec,45.986194,3.491287,4445.644861,4512.107154,1.0,2.223915,0.3892160058021545,8.567808151245117,0.0055999998003244,1.522857,3.417312
v2_P0_poisson_rho0.3_seed17-20261009T150419-525d8a0a,P0,poisson,0.3,17,3123,3123,1911c6008ccab9d500585b786d48af9eeed3401414009cdfbfec1fdde17bd4df,41.406683,0.390339,0.249154,59.044451,1.0,2.049023,0.3815039992332458,8.532095909118652,0.0053440001793205,1.34608,2.88785
v2_P0_poisson_rho0.3_seed2026-20261009T153122-edae3914,P0,poisson,0.3,2026,3013,3013,020803161762800e58f634b27cca06b1db8156f07423ae90b5fa6c435a1baf47,40.854621,0.400313,0.257677,57.876489,1.0,2.056895,0.3821119964122772,8.54751968383789,0.005375999957323,1.362236,2.909665
v2_P0_poisson_rho0.3_seed42-20261009T161027-a4cba6cc,P0,poisson,0.3,42,2990,2990,4fa5c47284d96ed446765a9c0ba365b3cca4d8c74a32c642f18206864b48dabd,40.784163500000005,0.423088,0.25483,58.34182,1.0,2.0610495,0.3828800022602081,8.547455787658691,0.005375999957323,1.360493,2.917576
v2_P0_poisson_rho0.6_seed17-20261010T130338-0ca201a2,P0,poisson,0.6,17,6220,6220,a86da7b7136ee5acb76f4c86bdf2598bc276402704304b8be825ba2b6054639c,44.176808,1.9997265,42.5245915,108.648379,1.0,2.157485,0.3941119909286499,8.564959526062012,0.0055040000006556,1.5798825,3.2280965
v2_P0_poisson_rho0.6_seed2026-20261009T055804-a34ca32f,P0,poisson,0.6,2026,5919,5919,c4ccf1a35897189f439f4e09845bed942fab6b06ad92cffd8d45d6cb3eac5b6d,43.55417,1.827877,21.653629,86.795269,1.0,2.146829,0.3879680037498474,8.652352333068848,0.0055999998003244,1.509393,3.193524
v2_P0_poisson_rho0.6_seed42-20261009T052429-b359b1b8,P0,poisson,0.6,42,6150,6150,0ea9b9f49daa619f49efed3f576ff38798b48092fb7ab58881eb1aa5e14bc3b9,43.5952125,2.042656,38.3313515,104.2468965,1.0,2.169566,0.3894079923629761,8.566895961761475,0.0055999998003244,1.5284515,3.2364255
v2_P0_poisson_rho0.9_seed17-20261010T133607-e2b1d452,P0,poisson,0.9,17,6493,6493,501644a7c2c40bd2edb6f12496ea5e3f83d4181e13ec8b228e55a2633c3302fb,47.581778,3.480772,4640.430174,4709.554049,1.0,2.306099,0.3923520147800445,8.677887916564941,0.0055359997786581,1.539328,3.578383
v2_P0_poisson_rho0.9_seed2026-20261009T145016-569f3c1a,P0,poisson,0.9,2026,6800,6800,be520647a81f78197f32fac6f7b67d1a9fba325628fa19513e99ee9a78735558,44.615301,2.605219,4458.719905,4520.806796000001,1.0,2.541892,0.3708000034093857,8.568399906158447,0.0055680000223219,1.2710925,3.4617459999999998
v2_P0_poisson_rho0.9_seed42-20261009T143736-1ffb7571,P0,poisson,0.9,42,6814,6814,f974bf2c2cfaf3419f2426d2fb9be52fa97dcc4e2cb38bbf70c805bbd8f4e060,44.3191655,2.5663495,4445.228424000001,4509.894987,1.0,2.2418465,0.374208003282547,8.566895961761475,0.0055680000223219,1.3099340000000002,3.199725
v2_P0_poisson_rho1.1_seed17-20261009T164109-bac69da1,P0,poisson,1.1,17,6627,6627,b2039e356769d39119b58fa7618fb81d7ed3c59bf91c1656c05cb930fcfef977,46.750409,3.076194,4564.196682,4632.510767,1.0,2.473978,0.3817600011825561,8.631296157836914,0.0055680000223219,1.425352,3.55848
v2_P0_poisson_rho1.1_seed2026-20261009T045509-342a4b13,P0,poisson,1.1,2026,6590,6590,2ffb36c0bd16606c160c6b3d71bd45df3cf7c17ff79ac15cca7f8b2a34695807,47.063609,3.4689240000000003,4590.64352,4659.44182,1.0,2.5585915000000004,0.3932160139083862,8.560463905334473,0.0055999998003244,1.5274035000000001,3.841326
v2_P0_poisson_rho1.1_seed42-20261010T121343-da1dcca2,P0,poisson,1.1,42,6568,6568,de50504a8529f688068d8adab99fee17f7f509e1ec0704baf1cf87cb7e344c44,47.2454365,3.1391535,4588.4655275000005,4656.6228615,1.0,2.69756,0.3818079978227615,8.634079933166504,0.0055680000223219,1.3453140000000001,3.7616395000000002
v2_R0_burst_rho0.3_seed17-20261009T055325-f4c0c28b,R0,burst,0.3,17,3122,491,02c4a794a921db3502001aa9e6f08ace6019b4d3b4e2e094f1a9ca6a219540be,36.6380315,59.8456595,99.8759595,284.700859,6.358452138492872,9.564677,2.528287887573242,44.556671142578125,0.0151040004566311,1.592149,42.518175
v2_R0_burst_rho0.3_seed2026-20261009T050521-b74a5a08,R0,burst,0.3,2026,3017,476,59d020d20ffe325c11c2a4922372929380bac68b6ed586faa63f6b17d81b4064,41.41045,58.529033,83.409516,269.052385,6.338235294117647,9.492333,2.524608016014099,44.229440689086914,0.0150720002129673,1.5397025,42.1918845
v2_R0_burst_rho0.3_seed42-20261009T165218-ae268972,R0,burst,0.3,42,3006,480,9f013173e0247df5bd1f2425446a59a062891e25cbc64fbddc8ffd1eb8fc58ad,42.5593315,69.515975,110.0792395,327.49399600000004,6.2625,9.36919,2.5240159034729004,44.2333927154541,0.0156159996986389,1.6057445,42.131549500000006
v2_R0_burst_rho0.6_seed17-20261009T161324-6da19cf0,R0,burst,0.6,17,6213,852,9057a4b1dc97ab4676a6dd02833d31580442833e608646d40c8d2c33467a4484,31.344755,144.352425,242.178073,517.548516,7.292253521126761,8.8500175,2.527999997138977,44.24812698364258,0.0154560003429651,1.504115,42.265656
v2_R0_burst_rho0.6_seed2026-20261009T040359-e763ce04,R0,burst,0.6,2026,5921,812,42e46c01438acabeb57651ec1673d0744fc50c4289a8c5e0d98cedfa557b69fa,32.76442,142.901029,255.140596,526.648354,7.291871921182266,8.8528475,2.523519992828369,44.26470565795898,0.0151680000126361,1.4988805,42.291581
v2_R0_burst_rho0.6_seed42-20261010T131452-8a886e35,R0,burst,0.6,42,6158,845,70bfc5cc1f3d5917fd9f49da6c7366017e95f915411750171c6bf3272a43095e,30.178848,131.8485155,229.397181,484.2053815,7.287573964497041,8.677372,2.529792070388794,44.41116714477539,0.0152000002562999,1.512491,42.413023
v2_R0_burst_rho0.9_seed17-20261009T043446-f369d533,R0,burst,0.9,17,8097,1013,a11a71cb95a92f425746cc91cad5d3b07bedba69a04f9722925127219141d8b1,27.893906,216.252553,3138.005913,3487.390096,8.0,10.081514,2.52297592163086,44.6412467956543,0.0151359997689723,1.54292,42.392497
v2_R0_burst_rho0.9_seed2026-20261009T044232-1a851c64,R0,burst,0.9,2026,7898,988,25d7b533eead9005b99bf4077e1409de48108e5bdf690de88e08a6615df08a86,29.2970195,225.711256,3279.435987,3608.407115,7.993927125506073,10.3445365,2.519215941429138,44.641536712646484,0.0151359997689723,1.5794055,42.3316795
v2_R0_burst_rho0.9_seed42-20261010T114544-1f11eba6,R0,burst,0.9,42,7563,946,7b16560032335b8a81341ef7888e791bb63bad107603a95dfdf6c896b73b1139,30.334095,221.220039,3390.787078,3737.706177,8.0,11.5709135,2.52297592163086,44.44316864013672,0.0151359997689723,1.575593,42.1669505
v2_R0_burst_rho1.1_seed17-20261009T163415-0d6f93da,R0,burst,1.1,17,8264,1033,7ffb5709736e45cd52bc8de37cd1bdf112ecc488f38ab44b9c80bec4d6e24f59,26.437869,217.211195,3061.2784545,3395.494836,8.0,9.765626,2.5219199657440186,44.60294342041016,0.0153919998556375,1.566392,42.346195
v2_R0_burst_rho1.1_seed2026-20261009T154458-c3e706de,R0,burst,1.1,2026,8200,1025,91309122dfe481297753f17c886304635db2785afe64dfc17de760e31908bf37,27.18493,227.9706055,3056.6410985,3414.54262,8.0,11.280588,2.5221760272979736,44.453216552734375,0.0154240000993013,1.543023,42.249238
v2_R0_burst_rho1.1_seed42-20261010T122333-e614420e,R0,burst,1.1,42,7944,993,622bbd238e79080dcf19fe132ec641d7e0c6a8b48890c8562ef2db8af9c9cc39,28.2535235,227.82089150000002,3217.5149455,3568.8118565,8.0,10.323485,2.5216000080108643,44.43369674682617,0.0151359997689723,1.59529,42.131961
v2_R0_periodic_rho0.3_seed17-20261009T151816-d71c03d9,R0,periodic,0.3,17,3016,2583,8d0a792eb47c01c4a9ad8cb307c7d3083b36c60481439098c21a31cf5f4deab3,38.5129415,12.578162500000001,7.288353,78.963998,1.1676345334881921,1.108054,0.3318719863891601,18.87552070617676,0.0351039990782737,0.477201,20.657131
v2_R0_periodic_rho0.3_seed2026-20261010T132134-6edaad7d,R0,periodic,0.3,2026,3016,2485,3d4812570af038e0b4ca5ef2a055c1fe95ca3dd02f0a34003a5c8ae2d23a8f65,38.939762,13.486999,9.204342,85.14424,1.213682092555332,1.156958,0.3330880105495453,19.95427131652832,0.0384000018239021,0.480824,22.291163
v2_R0_periodic_rho0.3_seed42-20261009T054007-53d499a9,R0,periodic,0.3,42,3016,2440,ff7c7ef4f49b098658e9a021ded0bcf250b129e4a8151c415420ca72cddab26d,39.724543,12.545952,8.1912455,84.35656,1.2360655737704918,1.1673215,0.3331359922885895,19.241328239440918,0.0365439988672733,0.4669,21.463387
v2_R0_periodic_rho0.6_seed17-20261009T155215-771e0a91,R0,periodic,0.6,17,6032,1257,8a9aa6b43b5d187b57556e97ddc8f413c9efa6666371d2916051abe598aa6b74,42.410745500000004,24.7610815,13.012936499999999,170.45098000000002,4.801909307875895,13.152692,2.534463882446289,44.16179275512695,0.0154560003429651,1.512676,43.649427
v2_R0_periodic_rho0.6_seed2026-20261009T051455-3da626f5,R0,periodic,0.6,2026,6032,1295,da70562a7e3f1d5785ec5d3a78e29ed6f4e7991473d58438c09ac9a7751e6bf4,42.1035855,23.527226,12.844674,164.534499,4.657915057915058,10.897387,2.5297598838806152,44.18524932861328,0.0151359997689723,1.452403,42.341992
v2_R0_periodic_rho0.6_seed42-20261009T142500-810c54fe,R0,periodic,0.6,42,6032,1456,0b50e31b71a13f083b6e84d85e2c9fab8024cc7ab61a6a4d760b997713087127,41.805800000000005,21.1130865,18.4635275,148.218479,4.142857142857143,6.414918500000001,1.3445599675178528,28.469615936279297,0.0155199998989701,1.2063614999999999,37.837172
v2_R0_periodic_rho0.9_seed17-20261010T120532-c193e59b,R0,periodic,0.9,17,7072,885,fc93cef87d48f501945082b5e9c79b3570d9962b59b62a2dc2fe5d38c0cd4af9,48.646794,42.7037645,4101.269833,4322.842006,7.9932203389830505,26.12194,2.579904079437256,44.5458869934082,0.0146559998393058,2.129358,61.521631
v2_R0_periodic_rho0.9_seed2026-20261010T123957-05ad831d,R0,periodic,0.9,2026,7111,890,d63d127892a84860cacff611e14ad9b9c96fb6bd39bcdadf48b513ecc463d81d,48.03785,41.189554,4095.321189,4314.039515,7.998876404494382,22.3730385,2.7405439615249634,44.60489463806152,0.0146559998393058,2.1862435,59.704989499999996
v2_R0_periodic_rho0.9_seed42-20261009T140629-1716c907,R0,periodic,0.9,42,7509,940,62864cd3d70d5271146c2424f4b4a14a3a6cd77655bf713aba7e35ca4d880ec0,46.962896,38.09612,3890.504926,4099.883249,7.993617021276596,21.876244,2.712112069129944,44.184303283691406,0.0150720002129673,2.123355,57.0116615
v2_R0_periodic_rho1.1_seed17-20261010T124348-168817be,R0,periodic,1.1,17,7161,896,f30929e1e4cff8ff9c751e7277b8014bae038e858e31cc89368795f2f5651463,47.854251,45.295424,3998.792793,4220.868222,7.998883928571429,23.2351345,2.6531360149383545,44.66502380371094,0.0146559998393058,2.1388005000000003,59.536713500000005
v2_R0_periodic_rho1.1_seed2026-20261009T145254-42439a06,R0,periodic,1.1,2026,7236,905,efb9195a0d26badf84cf5563073544c0b25670cdc906b062f8c57e3b8e40b7f3,47.435587,43.805878,3983.6637425,4199.983497499999,8.0,21.885799,2.716864109039306,44.18627166748047,0.0150720002129673,2.251153,58.115696
v2_R0_periodic_rho1.1_seed42-20261009T041322-d96a55ea,R0,periodic,1.1,42,7275,910,6af81b43178280909ad8250301869d5406744b636602800f09449466a1586870,46.624675,43.468863,3949.609361,4163.700255,8.0,21.4073345,2.7620160579681396,44.22177696228027,0.0147519996389746,2.2026475000000003,58.4769985
v2_R0_poisson_rho0.3_seed17-20261009T150820-6749d790,R0,poisson,0.3,17,3123,1971,9aafcde5d21c2fae99ebf21dac88fb150312052f5669c85f089a8da5706c338e,39.019043,8.525375,10.37123,83.866789,1.5844748858447488,1.530361,0.3450880050659179,18.796192169189453,0.0341119989752769,0.507155,21.131483
v2_R0_poisson_rho0.3_seed2026-20261009T153408-1e68619e,R0,poisson,0.3,2026,3013,1892,ec5cdbace9f13e5a31107679dc0d389c7b6dc074a9ae74747b0f9ac2a88c0d56,39.397167,8.454804,10.241195,86.137338,1.592494714587738,1.451129,0.3460319936275482,19.54263973236084,0.0352320000529289,0.5248495,21.8420295
v2_R0_poisson_rho0.3_seed42-20261009T160346-ad9ebde5,R0,poisson,0.3,42,2990,1774,0b0cbfcd2695222830eb6b6fb4debab396d3819b3962c05c0ef562b84b0a2edf,40.324215499999994,10.180064,11.7895145,94.06378050000001,1.685456595264938,1.791289,0.3490560054779053,20.595407485961914,0.036368001252412754,0.5310785,23.089470499999997
v2_R0_poisson_rho0.6_seed17-20261010T130223-7e84ffad,R0,poisson,0.6,17,6220,1154,56cd2de603342345d6c18e48e37f8653272cd970d13ffe3e6c38049e428fde9f,44.051021,29.452782999999997,26.08258,198.88217350000002,5.393414211438475,13.5325385,2.538975954055786,44.335391998291016,0.0150720002129673,1.65416,45.9362435
v2_R0_poisson_rho0.6_seed2026-20261009T061051-99862425,R0,poisson,0.6,2026,5919,1549,78de66322ff8e40fe40ccd4f3994535fca9b46a4f5e7d829cd1ddaaf42605129,42.487056,20.847639,21.278472,153.501953,3.8211749515816655,5.702963,1.2799999713897705,27.97977638244629,0.0155840003862977,1.02092,34.050763
v2_R0_poisson_rho0.6_seed42-20261009T052811-a1e0dd1e,R0,poisson,0.6,42,6150,1520,c1a4df2e4dec5244fe40786fdbfd906af5600fb6bcc88b8c0970447305d99779,41.0425295,20.713816,22.047855,157.602338,4.046052631578948,5.980005,1.2873440384864807,28.515856742858887,0.0151680000126361,1.0814685000000002,34.392796
v2_R0_poisson_rho0.9_seed17-20261010T133450-3aadc190,R0,poisson,0.9,17,7734,968,efbe6f20582ad7be5274307450c5883e502da1949659184047f5550bef96dc9c,44.5190225,42.18365,3694.7414865,3886.6267835,7.992768595041323,18.563308,2.796223998069763,44.43550491333008,0.0147200003266334,1.9526215,56.100448
v2_R0_poisson_rho0.9_seed2026-20261009T143855-a2e4b312,R0,poisson,0.9,2026,8794,1110,f33a2bb7e6567dafe869b3028cf917bcbdcc29f749096c14dfc89d194b932160,39.4736675,37.498023,2417.0137455,2585.249217,7.928828828828829,17.3578725,2.6720160245895386,44.63492774963379,0.0152960000559687,1.8615300000000001,49.2464885
v2_R0_poisson_rho0.9_seed42-20261009T143619-e7ed32b3,R0,poisson,0.9,42,8064,1009,8bf5584bf60bb716e2d50cc9e12147ce3654948ddabe28f21b98d9369b9f05c3,42.702850999999995,40.071752000000004,3578.6235690000003,3771.6948365,7.997026759167492,19.318865,2.6674559116363525,44.243873596191406,0.0152000002562999,2.02358,53.229323
v2_R0_poisson_rho1.1_seed17-20261009T164546-17b3a877,R0,poisson,1.1,17,7894,988,4a8fd20afb4ca25df56daa9f1b90d97183a10f55ae8c732febfd475b33ba3546,44.397226,41.306825,3701.073351,3897.3735265,7.993927125506073,18.579017,2.7864160537719727,44.51652908325195,0.0151040004566311,2.1001655,54.2273385
v2_R0_poisson_rho1.1_seed2026-20261009T045236-bd4bd0ff,R0,poisson,1.1,2026,7408,926,8defff72cf46974524c9ee1f63c6d645d2b980855cff7affec5d6fda1fad5b37,46.0225305,43.436588,3882.332545,4092.105948,8.0,20.477221,2.742128014564514,44.52119827270508,0.0147519996389746,2.2310879999999997,57.410398
v2_R0_poisson_rho1.1_seed42-20261010T120649-b2fe02a8,R0,poisson,1.1,42,7287,912,0efbbe2870bc6ba7644648830bf11536bb5816165c48ed336d93a1d5aa72e152,46.548297,45.465802,3971.344751,4183.080533,7.996710526315789,22.486627499999997,2.6102240085601807,44.52894401550293,0.0146880000829696,2.0811355000000002,58.123642000000004
